,time,price,pchange,change,volume,amount,type
0,15:01:39,19.73,-0.55,0.0,0,0,
1,15:00:21,19.73,-0.55,0.01,1019,2010487,
2,14:57:38,19.72,-0.60,0.0,0,0,
3,14:57:05,19.72,-0.60,0.0,23,45356,
4,14:56:59,19.72,-0.60,0.0,92,181424,
5,14:56:56,19.72,-0.60,0.0,1,1972,
6,14:56:53,19.72,-0.60,0.0,33,65076,
7,14:56:50,19.72,-0.60,0.01,16,31552,
8,14:56:47,19.71,-0.66,0.0,44,86724,
9,14:56:44,19.71,-0.66,0.0,392,772632,
10,14:56:41,19.71,-0.66,0.0,8,15768,
11,14:56:35,19.71,-0.66,0.0,67,132057,
12,14:56:32,19.71,-0.66,0.0,43,84753,
13,14:56:29,19.71,-0.66,0.0,7,13797,
14,14:56:23,19.71,-0.66,0.0,10,19710,
15,14:56:20,19.71,-0.66,0.0,10,19710,
16,14:56:17,19.71,-0.66,-0.01,26,51246,
17,14:56:14,19.72,-0.60,0.0,5,9860,
18,14:56:08,19.72,-0.60,0.01,22,43384,
19,14:55:59,19.71,-0.66,0.0,66,130086,
20,14:55:56,19.71,-0.66,0.0,36,70956,
21,14:55:53,19.71,-0.66,0.0,4,7884,
22,14:55:50,19.71,-0.66,-0.01,1,1971,
23,14:55:47,19.72,-0.60,0.02,106,209032,
24,14:55:44,19.7,-0.71,0.0,24,47280,
25,14:55:41,19.7,-0.71,0.0,20,39400,
26,14:55:35,19.7,-0.71,0.0,37,72890,
27,14:55:32,19.7,-0.71,0.0,11,21670,
28,14:55:29,19.7,-0.71,0.0,11,21670,
29,14:55:29,19.7,-0.71,0.0,11,21670,
30,14:55:29,19.7,-0.71,0.0,11,21670,
31,14:55:26,19.7,-0.71,0.0,150,295500,
32,14:55:17,19.7,-0.71,0.0,22,43340,
33,14:55:14,19.7,-0.71,-0.01,28,55160,
34,14:54:56,19.71,-0.66,0.01,5,9855,
35,14:54:53,19.7,-0.71,-0.01,2,3940,
36,14:54:50,19.71,-0.66,0.01,199,392229,
37,14:54:47,19.7,-0.71,0.0,5,9850,
38,14:54:44,19.7,-0.71,0.0,2,3940,
39,14:54:41,19.7,-0.71,0.0,5,9850,
40,14:54:38,19.7,-0.71,0.0,208,409760,
41,14:54:35,19.7,-0.71,0.0,41,80770,
42,14:54:32,19.7,-0.71,0.01,25,49486,
43,14:54:29,19.69,-0.76,-0.01,12,23628,
44,14:54:26,19.7,-0.71,0.0,32,63040,
45,14:54:23,19.7,-0.71,0.0,15,29550,
46,14:54:17,19.7,-0.71,0.0,100,197000,
47,14:54:11,19.7,-0.71,0.01,148,291560,
48,14:54:08,19.69,-0.76,-0.01,30,59070,
49,14:54:05,19.7,-0.71,0.0,25,49250,
50,14:54:02,19.7,-0.71,0.0,100,197000,
51,14:53:59,19.7,-0.71,0.0,129,254130,
52,14:53:56,19.7,-0.71,0.01,74,145780,
53,14:53:50,19.69,-0.76,-0.01,2,3938,
54,14:53:47,19.7,-0.71,0.01,10,19700,
55,14:53:44,19.69,-0.76,0.0,62,122078,
56,14:53:41,19.69,-0.76,0.0,89,175241,
57,14:53:35,19.69,-0.76,0.0,125,246125,
58,14:53:32,19.69,-0.76,-0.01,127,250063,
59,14:53:26,19.7,-0.71,0.01,44,86680,
60,14:53:23,19.69,-0.76,-0.01,2,3938,
61,14:53:20,19.7,-0.71,0.0,20,39400,
62,14:53:17,19.7,-0.71,0.0,16,31520,
63,14:53:14,19.7,-0.71,0.01,15,29550,
64,14:53:08,19.69,-0.76,0.01,20,39380,
65,14:53:02,19.68,-0.81,-0.01,30,59040,
66,14:52:56,19.69,-0.76,0.01,43,84667,
67,14:52:47,19.68,-0.81,0.0,9,17712,
68,14:52:41,19.68,-0.81,0.01,3,5904,
69,14:52:38,19.67,-0.86,-0.03,244,479948,
70,14:52:35,19.7,-0.71,0.02,63,124110,
71,14:52:32,19.68,-0.81,0.0,24,47232,
72,14:52:29,19.68,-0.81,0.0,48,94464,
73,14:52:26,19.68,-0.81,0.01,61,120048,
74,14:52:23,19.67,-0.86,-0.01,10,19670,
75,14:52:20,19.68,-0.81,0.0,106,208608,
76,14:52:17,19.68,-0.81,0.01,30,59040,
77,14:52:14,19.67,-0.86,-0.01,45,88515,
78,14:52:11,19.68,-0.81,-0.02,227,446736,
79,14:52:08,19.7,-0.71,0.0,24,47280,
80,14:51:56,19.7,-0.71,0.01,4,7880,
81,14:51:53,19.69,-0.76,0.0,6,11814,
82,14:51:44,19.69,-0.76,-0.01,1,1969,
83,14:51:41,19.7,-0.71,0.0,8,15760,
84,14:51:38,19.7,-0.71,0.0,3,5910,
85,14:51:32,19.7,-0.71,0.0,129,255864,
86,14:51:29,19.7,-0.71,-0.02,16,31520,
87,14:51:26,19.72,-0.60,0.01,45,88740,
88,14:51:23,19.71,-0.66,0.0,27,53217,
89,14:51:20,19.71,-0.66,0.01,130,256230,
90,14:51:17,19.7,-0.71,-0.01,1,1970,
91,14:51:14,19.71,-0.66,0.0,20,39420,
92,14:51:08,19.71,-0.66,0.0,28,55188,
93,14:51:05,19.71,-0.66,-0.01,19,37449,
94,14:51:02,19.72,-0.60,0.01,10,19720,
95,14:50:59,19.71,-0.66,-0.01,69,135999,
96,14:50:53,19.72,-0.60,0.0,8,15776,
97,14:50:47,19.72,-0.60,0.0,24,47328,
98,14:50:44,19.72,-0.60,0.0,7,13804,
99,14:50:41,19.72,-0.60,0.0,10,19720,
100,14:50:38,19.72,-0.60,0.0,10,19720,
101,14:50:32,19.72,-0.60,0.02,47,92684,
102,14:50:11,19.7,-0.71,-0.02,69,135930,
103,14:50:08,19.72,-0.60,0.0,4,7888,
104,14:50:05,19.72,-0.60,0.0,11,21929,
105,14:50:02,19.72,-0.60,0.01,46,90712,
106,14:49:56,19.71,-0.66,-0.01,11,21681,
107,14:49:47,19.72,-0.60,0.0,8,15776,
108,14:49:41,19.72,-0.60,0.01,10,19720,
109,14:49:38,19.71,-0.66,0.0,3,5913,
110,14:49:32,19.71,-0.66,-0.01,75,147825,
111,14:49:29,19.72,-0.60,0.02,190,374680,
112,14:49:20,19.7,-0.71,0.0,21,41370,
113,14:49:17,19.7,-0.71,0.0,74,145780,
114,14:49:17,19.7,-0.71,0.0,74,145780,
115,14:49:14,19.7,-0.71,-0.01,8,15760,
116,14:49:11,19.71,-0.66,-0.01,11,21681,
117,14:49:08,19.72,-0.60,0.0,3,5916,
118,14:49:05,19.72,-0.60,0.02,29,57188,
119,14:49:02,19.7,-0.71,0.0,5,9850,
120,14:48:59,19.7,-0.71,-0.01,38,74860,
121,14:48:56,19.71,-0.66,-0.01,9,17739,
122,14:48:53,19.72,-0.60,0.0,23,45356,
123,14:48:50,19.72,-0.60,0.02,2,3944,
124,14:48:47,19.7,-0.71,-0.02,129,254130,
125,14:48:44,19.72,-0.60,0.0,50,98600,
126,14:48:41,19.72,-0.60,0.01,58,114376,
127,14:48:32,19.71,-0.66,-0.01,2,3942,
128,14:48:29,19.72,-0.60,0.02,1,1972,
129,14:48:26,19.7,-0.71,-0.02,151,297470,
130,14:48:23,19.72,-0.60,0.02,10,19720,
131,14:48:20,19.7,-0.71,-0.02,2,3940,
132,14:48:17,19.72,-0.60,0.0,203,400316,
133,14:48:14,19.72,-0.60,0.02,1,1972,
134,14:48:11,19.7,-0.71,-0.02,273,537810,
135,14:48:08,19.72,-0.60,0.01,14,27608,
136,14:48:05,19.71,-0.66,-0.01,335,660285,
137,14:48:02,19.72,-0.60,0.0,1,1972,
138,14:47:59,19.72,-0.60,0.0,4,7888,
139,14:47:56,19.72,-0.60,0.0,46,90712,
140,14:47:53,19.72,-0.60,-0.03,361,713627,
141,14:47:50,19.75,-0.45,0.0,15,29625,
142,14:47:47,19.75,-0.45,-0.01,48,94800,
143,14:47:41,19.76,-0.40,0.01,1,1976,
144,14:47:32,19.75,-0.45,0.0,30,59250,
145,14:47:23,19.75,-0.45,0.0,1,1975,
146,14:47:17,19.75,-0.45,-0.01,172,339700,
147,14:47:05,19.76,-0.40,0.0,2,3952,
148,14:46:59,19.76,-0.40,0.0,8,15808,
149,14:46:53,19.76,-0.40,0.0,1,1976,
150,14:46:38,19.76,-0.40,0.03,5,9880,
151,14:46:32,19.73,-0.55,-0.03,294,580062,
152,14:46:11,19.76,-0.40,0.03,1,1976,
153,14:46:08,19.73,-0.55,0.01,2,3946,
154,14:45:47,19.72,-0.60,-0.05,3,6153,
155,14:45:44,19.77,-0.35,0.05,200,395400,
156,14:45:35,19.72,-0.60,-0.04,334,659634,
157,14:45:23,19.76,-0.40,-0.01,12,23712,
158,14:45:14,19.77,-0.35,0.0,7,13839,
159,14:45:02,19.77,-0.35,0.0,9,17793,
160,14:44:50,19.77,-0.35,-0.02,1,1977,
161,14:44:35,19.79,-0.25,0.0,48,94992,
162,14:44:32,19.79,-0.25,0.0,5,9895,
163,14:44:29,19.79,-0.25,0.0,2,3958,
164,14:44:17,19.79,-0.25,0.0,20,39580,
165,14:44:11,19.79,-0.25,0.0,58,114782,
166,14:44:02,19.79,-0.25,-0.01,1,1979,
167,14:43:59,19.8,-0.20,0.0,20,39600,
168,14:43:53,19.8,-0.20,0.01,19,37620,
169,14:43:47,19.79,-0.25,0.0,30,59370,
170,14:43:38,19.79,-0.25,-0.01,51,100929,
171,14:43:23,19.8,-0.20,0.01,306,605880,
172,14:43:17,19.79,-0.25,0.0,40,79160,
173,14:43:14,19.79,-0.25,0.0,5,9895,
174,14:43:11,19.79,-0.25,0.0,1,1979,
175,14:43:08,19.79,-0.25,0.0,8,15832,
176,14:43:08,19.79,-0.25,-0.01,8,15832,
177,14:43:02,19.8,-0.20,0.0,37,73260,
178,14:42:59,19.8,-0.20,0.01,3,5940,
179,14:42:50,19.79,-0.25,0.0,21,41559,
180,14:42:47,19.79,-0.25,0.0,1,1979,
181,14:42:44,19.79,-0.25,-0.01,2,3958,
182,14:42:38,19.8,-0.20,0.01,3,5940,
183,14:42:35,19.79,-0.25,0.0,5,9895,
184,14:42:32,19.79,-0.25,0.0,1,1979,
185,14:42:26,19.79,-0.25,0.01,28,55412,
186,14:42:23,19.78,-0.30,0.0,21,41538,
187,14:42:20,19.78,-0.30,0.0,4,7912,
188,14:42:17,19.78,-0.30,-0.01,1,1978,
189,14:42:11,19.79,-0.25,0.0,44,87076,
190,14:42:05,19.79,-0.25,0.0,10,19790,
191,14:41:50,19.79,-0.25,0.0,13,25727,
192,14:41:44,19.79,-0.25,0.0,1,1979,
193,14:41:41,19.79,-0.25,0.02,12,23748,
194,14:41:38,19.77,-0.35,0.0,2,3954,
195,14:41:32,19.77,-0.35,-0.02,16,31632,
196,14:41:29,19.79,-0.25,0.02,40,79160,
197,14:41:26,19.77,-0.35,-0.01,75,148275,
198,14:41:14,19.78,-0.30,0.01,77,152306,
199,14:41:11,19.77,-0.35,0.0,6,11862,
200,14:41:08,19.77,-0.35,0.0,6,11862,
201,14:41:02,19.77,-0.35,0.0,5,9885,
202,14:40:53,19.77,-0.35,0.01,1,1977,
203,14:40:47,19.76,-0.40,-0.01,1,1976,
204,14:40:38,19.77,-0.35,0.01,10,19770,
205,14:40:35,19.76,-0.40,-0.01,15,29640,
206,14:40:32,19.77,-0.35,-0.01,5,9885,
207,14:40:29,19.78,-0.30,0.02,10,19780,
208,14:40:08,19.76,-0.40,-0.02,2,3952,
209,14:40:05,19.78,-0.30,0.02,60,118680,
210,14:40:02,19.76,-0.40,0.0,11,21736,
211,14:39:56,19.76,-0.40,0.0,11,21736,
212,14:39:47,19.76,-0.40,0.0,12,23712,
213,14:39:44,19.76,-0.40,0.0,9,17784,
214,14:39:41,19.76,-0.40,0.01,110,218348,
215,14:39:35,19.75,-0.45,-0.01,24,47400,
216,14:39:32,19.76,-0.40,0.0,50,98800,
217,14:39:26,19.76,-0.40,0.01,45,88920,
218,14:39:23,19.75,-0.45,-0.01,4,7900,
219,14:39:20,19.76,-0.40,0.0,60,118560,
220,14:39:17,19.76,-0.40,0.01,80,158080,
221,14:39:14,19.75,-0.45,0.0,5,9875,
222,14:39:11,19.75,-0.45,-0.01,66,130350,
223,14:39:08,19.76,-0.40,0.01,50,98800,
224,14:39:05,19.75,-0.45,0.0,5,9875,
225,14:39:02,19.75,-0.45,-0.01,76,150100,
226,14:38:56,19.76,-0.40,0.02,62,122512,
227,14:38:50,19.74,-0.50,0.0,38,75012,
228,14:38:47,19.74,-0.50,0.0,15,29610,
229,14:38:44,19.74,-0.50,0.0,10,19740,
230,14:38:41,19.74,-0.50,-0.01,55,108570,
231,14:38:38,19.75,-0.45,0.01,51,100725,
232,14:38:35,19.74,-0.50,-0.01,5,9870,
233,14:38:32,19.75,-0.45,0.01,41,80975,
234,14:38:29,19.74,-0.50,0.0,22,43428,
235,14:38:23,19.74,-0.50,0.0,38,75012,
236,14:38:14,19.74,-0.50,-0.01,31,61194,
237,14:38:11,19.75,-0.45,0.01,2,3950,
238,14:38:07,19.74,-0.50,0.0,59,116466,
239,14:38:04,19.74,-0.50,0.0,3,5922,
240,14:38:01,19.74,-0.50,0.0,5,9870,
241,14:37:58,19.74,-0.50,0.02,43,84882,
242,14:37:55,19.72,-0.60,-0.01,101,199172,
243,14:37:52,19.73,-0.55,-0.01,46,90758,
244,14:37:49,19.74,-0.50,0.02,30,59220,
245,14:37:46,19.72,-0.60,-0.01,2,3944,
246,14:37:43,19.73,-0.55,-0.02,76,149948,
247,14:37:40,19.75,-0.45,0.02,2,3950,
248,14:37:28,19.73,-0.55,-0.02,100,197300,
249,14:37:25,19.75,-0.45,0.0,48,94800,
250,14:37:19,19.75,-0.45,0.0,3,5925,
251,14:37:16,19.75,-0.45,0.0,13,25675,
252,14:37:13,19.75,-0.45,0.0,121,238975,
253,14:37:10,19.75,-0.45,0.0,206,406850,
254,14:37:07,19.75,-0.45,-0.01,6,11850,
255,14:37:01,19.76,-0.40,0.0,15,29640,
256,14:36:55,19.76,-0.40,0.0,56,110656,
257,14:36:55,19.76,-0.40,0.0,56,110656,
258,14:36:46,19.76,-0.40,0.0,30,59280,
259,14:36:40,19.76,-0.40,0.0,10,19760,
260,14:36:34,19.76,-0.40,0.0,12,23712,
261,14:36:31,19.76,-0.40,-0.01,10,19760,
262,14:36:28,19.77,-0.35,0.01,129,255033,
263,14:36:16,19.76,-0.40,0.0,44,86944,
264,14:36:10,19.76,-0.40,0.0,107,211432,
265,14:36:07,19.76,-0.40,0.0,9,17784,
266,14:36:04,19.76,-0.40,0.0,111,219336,
267,14:35:58,19.76,-0.40,0.0,36,71136,
268,14:35:55,19.76,-0.40,0.0,37,73112,
269,14:35:52,19.76,-0.40,0.0,13,25688,
270,14:35:46,19.76,-0.40,0.0,2,3952,
271,14:35:43,19.76,-0.40,0.0,6,11856,
272,14:35:34,19.76,-0.40,-0.01,10,19760,
273,14:35:31,19.77,-0.35,0.01,9,17793,
274,14:35:28,19.76,-0.40,0.0,3,5928,
275,14:35:25,19.76,-0.40,0.0,6,11856,
276,14:35:22,19.76,-0.40,0.0,71,140296,
277,14:35:16,19.76,-0.40,0.0,143,282568,
278,14:35:13,19.76,-0.40,0.0,10,19760,
279,14:35:04,19.76,-0.40,-0.01,1,1976,
280,14:34:58,19.77,-0.35,0.0,27,53379,
281,14:34:55,19.77,-0.35,-0.01,31,61287,
282,14:34:46,19.78,-0.30,0.01,15,29670,
283,14:34:31,19.77,-0.35,-0.01,44,86988,
284,14:34:25,19.78,-0.30,0.0,31,61318,
285,14:34:19,19.78,-0.30,0.01,5,9890,
286,14:34:10,19.77,-0.35,0.0,10,19770,
287,14:34:07,19.77,-0.35,-0.01,1,1977,
288,14:34:04,19.78,-0.30,0.01,1,1978,
289,14:34:01,19.77,-0.35,0.0,67,132459,
290,14:33:55,19.77,-0.35,-0.01,13,25701,
291,14:33:52,19.78,-0.30,0.01,5,9890,
292,14:33:49,19.77,-0.35,-0.01,10,19770,
293,14:33:46,19.78,-0.30,0.0,5,9890,
294,14:33:37,19.78,-0.30,0.01,4,7912,
295,14:33:31,19.77,-0.35,0.0,1,1977,
296,14:33:16,19.77,-0.35,0.0,5,9885,
297,14:33:10,19.77,-0.35,0.01,3,5931,
298,14:33:01,19.76,-0.40,-0.01,12,23712,
299,14:32:58,19.77,-0.35,0.0,8,15816,
300,14:32:46,19.77,-0.35,0.01,15,29655,
301,14:32:43,19.76,-0.40,0.0,131,258856,
302,14:32:40,19.76,-0.40,-0.01,1,1976,
303,14:32:37,19.77,-0.35,0.01,8,15816,
304,14:32:25,19.76,-0.40,0.01,61,120536,
305,14:32:22,19.75,-0.45,-0.01,9,17775,
306,14:32:19,19.76,-0.40,0.0,149,294424,
307,14:32:16,19.76,-0.40,0.01,11,21736,
308,14:32:13,19.75,-0.45,-0.01,105,207375,
309,14:31:58,19.76,-0.40,-0.01,201,397176,
310,14:31:52,19.77,-0.35,0.0,40,79080,
311,14:31:49,19.77,-0.35,0.0,2,3954,
312,14:31:46,19.77,-0.35,0.0,23,45471,
313,14:31:37,19.77,-0.35,-0.01,59,116643,
314,14:31:31,19.78,-0.30,0.0,27,53406,
315,14:31:28,19.78,-0.30,0.0,25,49450,
316,14:31:16,19.78,-0.30,-0.01,71,140438,
317,14:31:10,19.79,-0.25,0.0,14,27706,
318,14:31:07,19.79,-0.25,0.01,2,3958,
319,14:31:04,19.78,-0.30,-0.01,10,19780,
320,14:30:58,19.79,-0.25,0.0,14,27706,
321,14:30:55,19.79,-0.25,0.0,5,9895,
322,14:30:49,19.79,-0.25,0.0,85,168215,
323,14:30:49,19.79,-0.25,0.0,85,168215,
324,14:30:49,19.79,-0.25,0.0,85,168215,
325,14:30:43,19.79,-0.25,-0.01,6,11874,
326,14:30:40,19.8,-0.20,0.01,15,29700,
327,14:30:28,19.79,-0.25,-0.01,24,47496,
328,14:30:25,19.8,-0.20,0.0,19,37620,
329,14:30:19,19.8,-0.20,0.0,41,81180,
330,14:30:13,19.8,-0.20,0.0,16,31680,
331,14:30:04,19.8,-0.20,0.0,14,27720,
332,14:30:01,19.8,-0.20,0.0,65,128700,
333,14:29:58,19.8,-0.20,0.0,2,3960,
334,14:29:55,19.8,-0.20,0.0,9,17820,
335,14:29:46,19.8,-0.20,-0.01,10,19800,
336,14:29:43,19.81,-0.15,0.01,4,7924,
337,14:29:37,19.8,-0.20,-0.01,116,229680,
338,14:29:31,19.81,-0.15,-0.01,3,5943,
339,14:29:28,19.82,-0.10,0.01,6,11892,
340,14:29:22,19.81,-0.15,0.0,99,196119,
341,14:29:19,19.81,-0.15,0.0,3,5943,
342,14:29:16,19.81,-0.15,0.0,16,31696,
343,14:29:13,19.81,-0.15,0.0,39,77259,
344,14:29:07,19.81,-0.15,-0.01,2,3962,
345,14:29:04,19.82,-0.10,0.01,5,9910,
346,14:28:52,19.81,-0.15,0.0,12,23772,
347,14:28:46,19.81,-0.15,-0.01,1,1981,
348,14:28:40,19.82,-0.10,0.0,33,65406,
349,14:28:37,19.82,-0.10,-0.01,50,99100,
350,14:28:34,19.83,-0.05,0.0,10,19830,
351,14:28:28,19.83,-0.05,0.01,6,11898,
352,14:28:22,19.82,-0.10,0.0,154,305228,
353,14:28:13,19.82,-0.10,-0.01,10,19820,
354,14:28:07,19.83,-0.05,0.01,15,29745,
355,14:28:01,19.82,-0.10,0.0,5,9910,
356,14:27:58,19.82,-0.10,0.0,3,5946,
357,14:27:55,19.82,-0.10,-0.01,1,1982,
358,14:27:52,19.83,-0.05,0.01,10,19830,
359,14:27:46,19.82,-0.10,0.0,235,465770,
360,14:27:43,19.82,-0.10,0.0,10,19820,
361,14:27:37,19.82,-0.10,0.0,10,19820,
362,14:27:31,19.82,-0.10,0.0,5,9910,
363,14:27:25,19.82,-0.10,0.0,102,202164,
364,14:27:16,19.82,-0.10,0.0,5,9910,
365,14:27:13,19.82,-0.10,0.0,1,1982,
366,14:27:07,19.82,-0.10,-0.01,20,39640,
367,14:27:04,19.83,-0.05,0.0,1,1983,
368,14:26:49,19.83,-0.05,-0.01,101,200283,
369,14:26:40,19.84,0.00,0.0,10,19840,
370,14:26:37,19.84,0.00,0.0,3,5952,
371,14:26:31,19.84,0.00,0.0,7,13888,
372,14:26:28,19.84,0.00,0.0,42,83328,
373,14:26:25,19.84,0.00,0.0,2,3968,
374,14:26:22,19.84,0.00,0.0,27,53568,
375,14:26:10,19.84,0.00,0.0,21,41664,
376,14:25:58,19.84,0.00,0.0,4,7936,
377,14:25:52,19.84,0.00,0.0,5,9920,
378,14:25:49,19.84,0.00,0.0,1,1984,
379,14:25:46,19.84,0.00,0.0,63,124992,
380,14:25:40,19.84,0.00,0.01,50,99200,
381,14:25:31,19.83,-0.05,0.0,1,1983,
382,14:25:22,19.83,-0.05,0.0,60,118980,
383,14:25:19,19.83,-0.05,0.01,219,434277,
384,14:25:10,19.82,-0.10,-0.01,4,7928,
385,14:25:07,19.83,-0.05,0.01,24,47592,
386,14:25:04,19.82,-0.10,0.0,174,344868,
387,14:24:58,19.82,-0.10,0.0,2,3964,
388,14:24:43,19.82,-0.10,0.0,174,344868,
389,14:24:28,19.82,-0.10,0.0,5,9910,
390,14:24:28,19.82,-0.10,0.01,5,9910,
391,14:24:25,19.81,-0.15,-0.01,18,35658,
392,14:24:22,19.82,-0.10,0.0,1,1982,
393,14:24:19,19.82,-0.10,0.0,54,107028,
394,14:24:10,19.82,-0.10,0.0,61,120902,
395,14:24:07,19.82,-0.10,0.0,3,5946,
396,14:24:04,19.82,-0.10,0.0,1,1982,
397,14:24:01,19.82,-0.10,0.0,8,15856,
398,14:23:55,19.82,-0.10,0.0,10,19820,
399,14:23:43,19.82,-0.10,0.0,12,23784,
400,14:23:40,19.82,-0.10,0.0,15,29730,
401,14:23:37,19.82,-0.10,0.0,2,3964,
402,14:23:25,19.82,-0.10,0.0,2,3964,
403,14:23:13,19.82,-0.10,0.0,8,15856,
404,14:23:07,19.82,-0.10,-0.01,14,27748,
405,14:23:04,19.83,-0.05,0.0,8,15864,
406,14:23:01,19.83,-0.05,0.0,14,27762,
407,14:22:58,19.83,-0.05,0.01,1,1983,
408,14:22:55,19.82,-0.10,0.0,1,1982,
409,14:22:25,19.82,-0.10,-0.01,1,1982,
410,14:22:13,19.83,-0.05,0.02,2,3966,
411,14:22:07,19.81,-0.15,-0.01,8,15848,
412,14:22:04,19.82,-0.10,0.01,10,19820,
413,14:21:58,19.81,-0.15,0.0,2,3962,
414,14:21:55,19.81,-0.15,0.01,14,27734,
415,14:21:52,19.8,-0.20,0.0,28,55440,
416,14:21:46,19.8,-0.20,0.0,47,93060,
417,14:21:25,19.8,-0.20,0.0,15,29700,
418,14:21:19,19.8,-0.20,0.0,38,75240,
419,14:21:16,19.8,-0.20,0.0,5,9900,
420,14:21:07,19.8,-0.20,0.01,5,9900,
421,14:21:04,19.79,-0.25,0.0,15,29685,
422,14:20:49,19.79,-0.25,-0.01,12,23748,
423,14:20:40,19.8,-0.20,0.0,2,3960,
424,14:20:37,19.8,-0.20,-0.01,163,322740,
425,14:20:31,19.81,-0.15,0.0,93,184233,
426,14:20:28,19.81,-0.15,-0.01,70,138670,
427,14:20:25,19.82,-0.10,0.0,1,1982,
428,14:20:10,19.82,-0.10,-0.01,11,21802,
429,14:19:55,19.83,-0.05,0.0,13,25779,
430,14:19:46,19.83,-0.05,0.0,5,9915,
431,14:19:40,19.83,-0.05,0.0,4,7932,
432,14:19:34,19.83,-0.05,0.0,8,15864,
433,14:19:07,19.83,-0.05,0.02,143,283569,
434,14:19:01,19.81,-0.15,0.0,2,3962,
435,14:18:58,19.81,-0.15,0.0,19,37639,
436,14:18:49,19.81,-0.15,0.0,10,19810,
437,14:18:43,19.81,-0.15,0.0,17,33677,
438,14:18:40,19.81,-0.15,0.0,52,103012,
439,14:18:37,19.81,-0.15,0.01,218,431858,
440,14:18:34,19.8,-0.20,0.0,11,21780,
441,14:18:25,19.8,-0.20,0.0,50,99000,
442,14:18:25,19.8,-0.20,0.0,50,99000,
443,14:18:22,19.8,-0.20,-0.01,16,31680,
444,14:18:16,19.81,-0.15,0.01,5,9905,
445,14:18:13,19.8,-0.20,0.0,84,166320,
446,14:18:06,19.8,-0.20,0.0,8,15840,
447,14:18:03,19.8,-0.20,-0.01,60,118800,
448,14:17:57,19.81,-0.15,0.01,3,5943,
449,14:17:54,19.8,-0.20,-0.01,20,39600,
450,14:17:45,19.81,-0.15,0.0,16,31696,
451,14:17:42,19.81,-0.15,0.0,244,483364,
452,14:17:33,19.81,-0.15,0.0,1,1981,
453,14:17:30,19.81,-0.15,0.0,5,9905,
454,14:17:24,19.81,-0.15,0.0,1,1981,
455,14:17:21,19.81,-0.15,0.0,10,19810,
456,14:16:57,19.81,-0.15,0.0,18,35658,
457,14:16:48,19.81,-0.15,0.01,7,13867,
458,14:16:45,19.8,-0.20,-0.01,28,55440,
459,14:16:36,19.81,-0.15,0.0,1,1981,
460,14:16:33,19.81,-0.15,0.01,28,55468,
461,14:16:30,19.8,-0.20,0.0,6,11880,
462,14:16:27,19.8,-0.20,-0.01,10,19800,
463,14:16:09,19.81,-0.15,0.0,0,872,
464,14:16:06,19.81,-0.15,0.0,42,83202,
465,14:15:57,19.81,-0.15,0.0,2,3962,
466,14:15:54,19.81,-0.15,0.0,10,19810,
467,14:15:48,19.81,-0.15,0.0,20,39620,
468,14:15:42,19.81,-0.15,0.01,33,66482,
469,14:15:39,19.8,-0.20,0.0,29,57420,
470,14:15:33,19.8,-0.20,0.0,30,59400,
471,14:15:30,19.8,-0.20,-0.01,5,9900,
472,14:15:24,19.81,-0.15,0.01,9,17829,
473,14:15:21,19.8,-0.20,0.0,46,91080,
474,14:15:09,19.8,-0.20,0.0,8,15840,
475,14:15:00,19.8,-0.20,-0.01,3,5940,
476,14:14:57,19.81,-0.15,0.0,1,1981,
477,14:14:51,19.81,-0.15,0.0,177,351509,
478,14:14:48,19.81,-0.15,-0.01,24,47544,
479,14:14:42,19.82,-0.10,0.01,2,3964,
480,14:14:33,19.81,-0.15,0.0,49,97069,
481,14:14:30,19.81,-0.15,0.0,7,13867,
482,14:14:24,19.81,-0.15,0.0,4,7924,
483,14:14:21,19.81,-0.15,0.0,11,21791,
484,14:14:12,19.81,-0.15,0.0,10,19810,
485,14:14:09,19.81,-0.15,0.0,1,1981,
486,14:14:06,19.81,-0.15,-0.01,17,34786,
487,14:13:57,19.82,-0.10,0.01,1,1982,
488,14:13:51,19.81,-0.15,-0.01,11,21791,
489,14:13:48,19.82,-0.10,0.0,8,15856,
490,14:13:39,19.82,-0.10,0.0,20,39640,
491,14:13:33,19.82,-0.10,-0.01,2,3964,
492,14:13:24,19.83,-0.05,0.0,10,19830,
493,14:13:18,19.83,-0.05,-0.01,77,152691,
494,14:13:15,19.84,0.00,0.0,10,19840,
495,14:13:06,19.84,0.00,-0.01,62,123008,
496,14:12:57,19.85,+0.05,0.01,4,7940,
497,14:12:54,19.84,0.00,-0.01,10,19840,
498,14:12:42,19.85,+0.05,0.0,121,240185,
499,14:12:36,19.85,+0.05,0.0,21,41685,
500,14:12:33,19.85,+0.05,0.0,5,9925,
501,14:12:24,19.85,+0.05,0.0,10,19850,
502,14:12:15,19.85,+0.05,0.0,10,19850,
503,14:12:15,19.85,+0.05,0.0,10,19850,
504,14:12:09,19.85,+0.05,0.0,20,39700,
505,14:12:06,19.85,+0.05,0.0,10,19850,
506,14:12:03,19.85,+0.05,0.0,121,240185,
507,14:11:54,19.85,+0.05,0.01,34,67490,
508,14:11:39,19.84,0.00,-0.01,30,59520,
509,14:11:33,19.85,+0.05,-0.01,31,61535,
510,14:11:18,19.86,+0.10,0.01,18,35748,
511,14:11:15,19.85,+0.05,0.0,12,23820,
512,14:11:12,19.85,+0.05,0.0,9,17865,
513,14:11:03,19.85,+0.05,0.01,111,220335,
514,14:11:00,19.84,0.00,0.0,4,7936,
515,14:10:57,19.84,0.00,-0.01,1,1984,
516,14:10:54,19.85,+0.05,0.01,35,69475,
517,14:10:51,19.84,0.00,0.0,20,39680,
518,14:10:48,19.84,0.00,0.0,26,51584,
519,14:10:42,19.84,0.00,0.0,39,77376,
520,14:10:33,19.84,0.00,0.01,100,198400,
521,14:10:24,19.83,-0.05,0.0,4,7932,
522,14:10:21,19.83,-0.05,0.0,19,37677,
523,14:10:09,19.83,-0.05,0.0,57,113031,
524,14:10:06,19.83,-0.05,0.0,30,59490,
525,14:10:00,19.83,-0.05,0.0,12,23796,
526,14:09:57,19.83,-0.05,0.01,26,51558,
527,14:09:54,19.82,-0.10,-0.01,1,1982,
528,14:09:51,19.83,-0.05,0.01,2,3966,
529,14:09:48,19.82,-0.10,0.0,3,5946,
530,14:09:36,19.82,-0.10,0.0,6,11892,
531,14:09:33,19.82,-0.10,0.0,4,7928,
532,14:09:21,19.82,-0.10,0.0,10,19820,
533,14:09:18,19.82,-0.10,-0.01,3,5946,
534,14:09:15,19.83,-0.05,0.01,15,29745,
535,14:09:09,19.82,-0.10,0.0,3,5946,
536,14:09:06,19.82,-0.10,-0.01,2,3964,
537,14:09:00,19.83,-0.05,0.0,8,15864,
538,14:08:48,19.83,-0.05,-0.01,6,11898,
539,14:08:42,19.84,0.00,0.0,10,19840,
540,14:08:36,19.84,0.00,0.01,98,194432,
541,14:08:33,19.83,-0.05,0.0,56,111048,
542,14:08:30,19.83,-0.05,0.0,30,59490,
543,14:08:24,19.83,-0.05,0.0,41,81303,
544,14:08:15,19.83,-0.05,0.0,52,103116,
545,14:08:06,19.83,-0.05,-0.01,5,9915,
546,14:08:03,19.84,0.00,0.0,18,35712,
547,14:08:00,19.84,0.00,0.0,12,23808,
548,14:07:51,19.84,0.00,0.0,10,19840,
549,14:07:45,19.84,0.00,0.01,2,3968,
550,14:07:42,19.83,-0.05,-0.01,20,39660,
551,14:07:36,19.84,0.00,0.0,5,9920,
552,14:07:33,19.84,0.00,0.0,100,198400,
553,14:07:30,19.84,0.00,0.0,144,285696,
554,14:07:18,19.84,0.00,0.0,241,479136,
555,14:07:15,19.84,0.00,0.0,30,59520,
556,14:07:09,19.84,0.00,0.0,9,17856,
557,14:07:06,19.84,0.00,0.0,8,15872,
558,14:07:03,19.84,0.00,0.0,10,19840,
559,14:06:54,19.84,0.00,-0.01,10,19840,
560,14:06:51,19.85,+0.05,0.0,1,1985,
561,14:06:45,19.85,+0.05,0.0,23,45655,
562,14:06:39,19.85,+0.05,0.0,21,41685,
563,14:06:36,19.85,+0.05,0.0,10,19850,
564,14:06:33,19.85,+0.05,0.0,36,71460,
565,14:06:30,19.85,+0.05,0.0,2,3970,
566,14:06:24,19.85,+0.05,0.0,100,198500,
567,14:06:18,19.85,+0.05,-0.01,1,1985,
568,14:06:09,19.86,+0.10,0.0,20,39720,
569,14:06:09,19.86,+0.10,0.0,20,39720,
570,14:06:09,19.86,+0.10,0.01,20,39720,
571,14:06:06,19.85,+0.05,0.0,25,49625,
572,14:06:00,19.85,+0.05,0.0,2,3970,
573,14:05:57,19.85,+0.05,0.0,2,3970,
574,14:05:54,19.85,+0.05,0.0,2,3970,
575,14:05:51,19.85,+0.05,0.0,19,38092,
576,14:05:48,19.85,+0.05,0.01,90,178650,
577,14:05:45,19.84,0.00,0.0,20,39680,
578,14:05:42,19.84,0.00,0.0,21,41664,
579,14:05:33,19.84,0.00,0.0,6,11904,
580,14:05:30,19.84,0.00,0.0,1,1984,
581,14:05:27,19.84,0.00,-0.01,10,19840,
582,14:05:24,19.85,+0.05,0.01,2,3970,
583,14:05:21,19.84,0.00,0.0,5,9920,
584,14:05:18,19.84,0.00,0.0,1,1984,
585,14:05:12,19.84,0.00,0.0,1,1984,
586,14:05:09,19.84,0.00,0.01,46,92256,
587,14:05:06,19.83,-0.05,-0.01,2,3966,
588,14:04:51,19.84,0.00,0.0,2,4960,
589,14:04:39,19.84,0.00,0.0,10,19840,
590,14:04:30,19.84,0.00,0.0,57,113088,
591,14:04:27,19.84,0.00,-0.01,20,39680,
592,14:04:18,19.85,+0.05,-0.01,14,29398,
593,14:04:12,19.86,+0.10,0.01,80,158880,
594,14:04:09,19.85,+0.05,0.0,22,43670,
595,14:04:03,19.85,+0.05,0.0,22,43670,
596,14:03:57,19.85,+0.05,0.0,55,109175,
597,14:03:54,19.85,+0.05,0.0,1,1985,
598,14:03:51,19.85,+0.05,0.0,28,55580,
599,14:03:42,19.85,+0.05,0.0,10,19850,
600,14:03:36,19.85,+0.05,0.0,71,141928,
601,14:03:33,19.85,+0.05,-0.01,16,31760,
602,14:03:30,19.86,+0.10,0.01,24,47664,
603,14:03:27,19.85,+0.05,0.0,21,41685,
604,14:03:21,19.85,+0.05,-0.01,2,3970,
605,14:03:18,19.86,+0.10,0.0,1,1986,
606,14:03:12,19.86,+0.10,0.0,2,3972,
607,14:03:06,19.86,+0.10,0.0,24,47664,
608,14:03:03,19.86,+0.10,0.0,21,43076,
609,14:03:00,19.86,+0.10,0.0,18,35748,
610,14:02:57,19.86,+0.10,0.0,4,7944,
611,14:02:54,19.86,+0.10,0.0,1,1986,
612,14:02:51,19.86,+0.10,0.0,8,16504,
613,14:02:48,19.86,+0.10,-0.01,11,21846,
614,14:02:45,19.87,+0.15,0.0,97,192739,
615,14:02:42,19.87,+0.15,0.01,25,49675,
616,14:02:39,19.86,+0.10,0.0,20,39720,
617,14:02:36,19.86,+0.10,0.0,6,11916,
618,14:02:33,19.86,+0.10,0.0,100,198600,
619,14:02:30,19.86,+0.10,0.0,6,11916,
620,14:02:27,19.86,+0.10,0.0,1,1986,
621,14:02:24,19.86,+0.10,0.0,6,11916,
622,14:02:18,19.86,+0.10,0.0,228,452808,
623,14:02:12,19.86,+0.10,0.0,10,19860,
624,14:02:09,19.86,+0.10,0.0,31,61566,
625,14:02:03,19.86,+0.10,0.0,3,5958,
626,14:02:00,19.86,+0.10,0.01,7,13902,
627,14:01:57,19.85,+0.05,-0.01,21,41685,
628,14:01:48,19.86,+0.10,0.0,105,208530,
629,14:01:39,19.86,+0.10,0.0,58,116558,
630,14:01:30,19.86,+0.10,0.01,10,19860,
631,14:01:27,19.85,+0.05,0.0,19,37715,
632,14:01:24,19.85,+0.05,-0.01,55,109175,
633,14:01:15,19.86,+0.10,0.01,22,43692,
634,14:01:12,19.85,+0.05,0.0,38,75430,
635,14:01:09,19.85,+0.05,0.0,38,75430,
636,14:01:03,19.85,+0.05,0.0,45,89325,
637,14:00:54,19.85,+0.05,0.0,10,19850,
638,14:00:51,19.85,+0.05,0.01,109,216365,
639,14:00:48,19.84,0.00,-0.01,5,9920,
640,14:00:42,19.85,+0.05,0.01,5,9925,
641,14:00:39,19.84,0.00,-0.01,56,111104,
642,14:00:36,19.85,+0.05,0.0,6,11910,
643,14:00:33,19.85,+0.05,0.0,76,150860,
644,14:00:30,19.85,+0.05,0.0,38,75430,
645,14:00:27,19.85,+0.05,0.0,10,19850,
646,14:00:18,19.85,+0.05,0.0,6,11910,
647,14:00:15,19.85,+0.05,0.01,10,19850,
648,14:00:09,19.84,0.00,-0.01,30,59520,
649,14:00:06,19.85,+0.05,0.01,8,15880,
650,13:59:57,19.84,0.00,0.0,30,59520,
651,13:59:57,19.84,0.00,-0.01,30,59520,
652,13:59:54,19.85,+0.05,0.0,14,27790,
653,13:59:51,19.85,+0.05,0.01,41,81385,
654,13:59:45,19.84,0.00,-0.01,9,17856,
655,13:59:39,19.85,+0.05,0.0,11,21835,
656,13:59:36,19.85,+0.05,0.0,17,33745,
657,13:59:33,19.85,+0.05,0.01,5,9925,
658,13:59:27,19.84,0.00,0.0,100,198400,
659,13:59:24,19.84,0.00,0.0,11,21824,
660,13:59:21,19.84,0.00,0.0,119,237088,
661,13:58:59,19.84,0.00,0.02,100,198400,
662,13:58:56,19.82,-0.10,-0.01,8,15856,
663,13:58:47,19.83,-0.05,0.0,21,43309,
664,13:58:44,19.83,-0.05,0.01,45,89552,
665,13:58:41,19.82,-0.10,0.01,1,1982,
666,13:58:38,19.81,-0.15,-0.02,5,9905,
667,13:58:35,19.83,-0.05,0.0,174,345042,
668,13:58:32,19.83,-0.05,0.01,35,69405,
669,13:58:29,19.82,-0.10,0.0,17,33694,
670,13:58:20,19.82,-0.10,0.0,146,289372,
671,13:58:11,19.82,-0.10,0.01,30,59460,
672,13:58:08,19.81,-0.15,-0.01,25,49525,
673,13:58:05,19.82,-0.10,-0.01,13,25766,
674,13:58:02,19.83,-0.05,0.01,1,1983,
675,13:57:56,19.82,-0.10,0.0,10,19820,
676,13:57:50,19.82,-0.10,0.0,52,103659,
677,13:57:38,19.82,-0.10,0.01,14,27748,
678,13:57:29,19.81,-0.15,0.01,212,419972,
679,13:57:26,19.8,-0.20,0.0,6,11880,
680,13:57:23,19.8,-0.20,0.0,30,59400,
681,13:57:17,19.8,-0.20,0.01,30,59400,
682,13:56:56,19.79,-0.25,0.0,13,25727,
683,13:56:53,19.79,-0.25,0.0,116,229564,
684,13:56:29,19.79,-0.25,0.01,5,9895,
685,13:56:17,19.78,-0.30,0.0,55,108790,
686,13:56:02,19.78,-0.30,0.0,8,15824,
687,13:55:59,19.78,-0.30,-0.01,10,19780,
688,13:55:56,19.79,-0.25,0.01,10,19790,
689,13:55:44,19.78,-0.30,0.0,41,81098,
690,13:55:23,19.78,-0.30,0.0,1,1978,
691,13:55:02,19.78,-0.30,0.0,3,5934,
692,13:54:53,19.78,-0.30,0.0,9,17802,
693,13:54:41,19.78,-0.30,0.0,3,5934,
694,13:54:35,19.78,-0.30,0.0,1,1978,
695,13:54:29,19.78,-0.30,-0.01,53,104834,
696,13:54:23,19.79,-0.25,0.01,80,158320,
697,13:54:17,19.78,-0.30,-0.01,18,35604,
698,13:53:44,19.79,-0.25,-0.01,10,19790,
699,13:53:44,19.79,-0.25,0.0,10,19790,
700,13:53:35,19.79,-0.25,0.01,108,213732,
701,13:53:17,19.78,-0.30,-0.01,5,9890,
702,13:53:08,19.79,-0.25,0.03,10,19790,
703,13:52:59,19.76,-0.40,-0.02,64,126464,
704,13:52:50,19.78,-0.30,0.0,55,109067,
705,13:52:41,19.78,-0.30,0.0,50,98900,
706,13:52:38,19.78,-0.30,0.0,94,186486,
707,13:52:17,19.78,-0.30,0.0,34,68676,
708,13:51:59,19.78,-0.30,0.0,5,10444,
709,13:51:53,19.78,-0.30,0.0,3,5934,
710,13:51:14,19.78,-0.30,-0.01,20,39560,
711,13:51:05,19.79,-0.25,0.0,25,50860,
712,13:51:02,19.79,-0.25,-0.01,22,44567,
713,13:50:53,19.8,-0.20,0.01,5,9900,
714,13:50:50,19.79,-0.25,0.0,10,19790,
715,13:50:44,19.79,-0.25,-0.01,6,11874,
716,13:50:41,19.8,-0.20,0.01,36,71280,
717,13:50:35,19.79,-0.25,-0.01,10,19790,
718,13:50:32,19.8,-0.20,0.01,98,194040,
719,13:50:29,19.79,-0.25,0.0,40,79160,
720,13:50:26,19.79,-0.25,-0.01,5,9895,
721,13:50:08,19.8,-0.20,0.0,213,423126,
722,13:50:02,19.8,-0.20,-0.01,9,17820,
723,13:49:59,19.81,-0.15,0.01,10,19810,
724,13:49:56,19.8,-0.20,0.0,60,118800,
725,13:49:50,19.8,-0.20,0.0,30,59400,
726,13:49:41,19.8,-0.20,-0.01,10,19800,
727,13:49:26,19.81,-0.15,0.0,8,16640,
728,13:49:23,19.81,-0.15,0.0,50,99050,
729,13:49:20,19.81,-0.15,0.0,3,5943,
730,13:49:17,19.81,-0.15,0.0,5,11292,
731,13:49:14,19.81,-0.15,0.0,74,146594,
732,13:49:05,19.81,-0.15,0.0,16,33083,
733,13:49:02,19.81,-0.15,0.0,110,217910,
734,13:48:56,19.81,-0.15,0.0,1,1981,
735,13:48:53,19.81,-0.15,0.0,5,11292,
736,13:48:50,19.81,-0.15,0.0,20,39620,
737,13:48:41,19.81,-0.15,0.0,69,136689,
738,13:48:35,19.81,-0.15,0.0,1,1981,
739,13:48:29,19.81,-0.15,0.0,6,13273,
740,13:48:20,19.81,-0.15,0.0,15,29715,
741,13:48:14,19.81,-0.15,-0.01,5,11292,
742,13:48:11,19.82,-0.10,0.01,25,49550,
743,13:48:05,19.81,-0.15,0.0,7,13867,
744,13:48:02,19.81,-0.15,0.0,40,79240,
745,13:47:59,19.81,-0.15,0.0,8,15848,
746,13:47:53,19.81,-0.15,0.0,1,1981,
747,13:47:50,19.81,-0.15,0.0,5,11292,
748,13:47:41,19.81,-0.15,0.0,5,11292,
749,13:47:29,19.81,-0.15,0.0,10,19810,
750,13:47:29,19.81,-0.15,0.0,10,19810,
751,13:47:20,19.81,-0.15,0.01,5,11292,
752,13:47:08,19.8,-0.20,-0.03,5,11286,
753,13:46:53,19.83,-0.05,0.0,8,15864,
754,13:46:53,19.83,-0.05,0.03,150,297450,
755,13:46:50,19.8,-0.20,-0.01,68,134640,
756,13:46:44,19.81,-0.15,0.0,5,11292,
757,13:46:38,19.81,-0.15,-0.01,23,46950,
758,13:46:29,19.82,-0.10,0.01,61,121893,
759,13:46:20,19.81,-0.15,-0.01,1,1981,
760,13:46:14,19.82,-0.10,0.01,6,11892,
761,13:46:11,19.81,-0.15,0.0,10,19810,
762,13:46:05,19.81,-0.15,0.0,17,33677,
763,13:46:02,19.81,-0.15,-0.01,3,5943,
764,13:45:59,19.82,-0.10,0.01,2,3964,
765,13:45:53,19.81,-0.15,-0.01,13,27140,
766,13:45:47,19.82,-0.10,0.0,20,39640,
767,13:45:41,19.82,-0.10,0.0,6,11892,
768,13:45:38,19.82,-0.10,0.0,5,9910,
769,13:45:35,19.82,-0.10,0.0,100,198200,
770,13:45:26,19.82,-0.10,0.0,2,3964,
771,13:45:17,19.82,-0.10,-0.01,46,91172,
772,13:45:14,19.83,-0.05,0.0,20,39660,
773,13:45:08,19.83,-0.05,0.01,10,19830,
774,13:45:05,19.82,-0.10,-0.01,9,17838,
775,13:44:59,19.83,-0.05,0.01,5,9915,
776,13:44:56,19.82,-0.10,0.0,32,63424,
777,13:44:53,19.82,-0.10,0.0,8,15856,
778,13:44:50,19.82,-0.10,0.0,24,47568,
779,13:44:44,19.82,-0.10,0.01,10,19820,
780,13:44:41,19.81,-0.15,0.0,8,15848,
781,13:44:38,19.81,-0.15,-0.01,1,1981,
782,13:44:29,19.82,-0.10,0.0,20,39640,
783,13:44:26,19.82,-0.10,0.0,14,27748,
784,13:44:23,19.82,-0.10,0.0,94,186308,
785,13:44:14,19.82,-0.10,0.01,20,39640,
786,13:44:11,19.81,-0.15,-0.01,16,31696,
787,13:44:02,19.82,-0.10,0.01,8,15856,
788,13:43:59,19.81,-0.15,-0.01,27,53487,
789,13:43:56,19.82,-0.10,0.01,6,11892,
790,13:43:53,19.81,-0.15,0.0,1,1981,
791,13:43:50,19.81,-0.15,0.0,1,1981,
792,13:43:47,19.81,-0.15,0.0,73,144613,
793,13:43:44,19.81,-0.15,0.01,36,71316,
794,13:43:23,19.8,-0.20,0.01,79,156420,
795,13:43:17,19.79,-0.25,-0.01,15,29685,
796,13:43:14,19.8,-0.20,0.01,162,320760,
797,13:42:50,19.79,-0.25,0.0,15,29685,
798,13:42:47,19.79,-0.25,0.02,85,169205,
799,13:42:44,19.77,-0.35,-0.02,1,1977,
800,13:42:41,19.79,-0.25,0.01,10,19790,
801,13:42:29,19.78,-0.30,-0.01,4,7912,
802,13:42:17,19.79,-0.25,0.02,1,1979,
803,13:42:14,19.77,-0.35,0.0,33,65241,
804,13:42:11,19.77,-0.35,-0.02,65,128505,
805,13:41:59,19.79,-0.25,0.01,16,31664,
806,13:41:53,19.78,-0.30,0.01,30,59340,
807,13:41:47,19.77,-0.35,-0.01,7,13839,
808,13:41:41,19.78,-0.30,0.01,4,7912,
809,13:41:38,19.77,-0.35,0.0,9,17793,
810,13:41:05,19.77,-0.35,0.0,25,49425,
811,13:41:05,19.77,-0.35,0.0,25,49425,
812,13:41:02,19.77,-0.35,-0.01,15,29655,
813,13:40:59,19.78,-0.30,0.02,30,59340,
814,13:40:47,19.76,-0.40,-0.01,302,596752,
815,13:40:44,19.77,-0.35,0.0,1,1977,
816,13:40:35,19.77,-0.35,0.0,15,29655,
817,13:40:32,19.77,-0.35,0.01,20,39540,
818,13:40:29,19.76,-0.40,0.0,7,13832,
819,13:40:17,19.76,-0.40,0.0,26,51376,
820,13:40:14,19.76,-0.40,0.0,8,15808,
821,13:40:08,19.76,-0.40,0.0,1,1976,
822,13:39:50,19.76,-0.40,0.0,5,9880,
823,13:39:47,19.76,-0.40,0.0,3,5928,
824,13:39:44,19.76,-0.40,0.0,5,9880,
825,13:39:41,19.76,-0.40,0.01,9,17784,
826,13:39:38,19.75,-0.45,-0.01,40,79000,
827,13:39:29,19.76,-0.40,0.01,8,15808,
828,13:39:17,19.75,-0.45,-0.01,8,15800,
829,13:39:05,19.76,-0.40,-0.01,101,199576,
830,13:39:02,19.77,-0.35,0.0,1,1977,
831,13:38:59,19.77,-0.35,0.0,14,27678,
832,13:38:49,19.77,-0.35,0.0,8,15816,
833,13:38:34,19.77,-0.35,0.0,15,29655,
834,13:38:31,19.77,-0.35,-0.01,3,5931,
835,13:38:04,19.78,-0.30,0.0,10,19780,
836,13:37:55,19.78,-0.30,0.01,5,9890,
837,13:37:52,19.77,-0.35,0.02,7,13839,
838,13:37:46,19.75,-0.45,-0.02,88,173800,
839,13:37:43,19.77,-0.35,-0.01,13,25701,
840,13:37:37,19.78,-0.30,0.02,5,9890,
841,13:37:34,19.76,-0.40,0.0,2,3952,
842,13:37:31,19.76,-0.40,-0.02,9,17784,
843,13:37:28,19.78,-0.30,0.0,1,1978,
844,13:37:13,19.78,-0.30,0.02,3,5934,
845,13:37:04,19.76,-0.40,0.0,17,33592,
846,13:36:55,19.76,-0.40,0.0,5,9880,
847,13:36:49,19.76,-0.40,0.0,1,1976,
848,13:36:40,19.76,-0.40,0.0,10,19760,
849,13:36:28,19.76,-0.40,-0.03,9,17784,
850,13:36:19,19.79,-0.25,0.03,4,7916,
851,13:36:13,19.76,-0.40,-0.01,303,600546,
852,13:36:04,19.77,-0.35,-0.01,1,1977,
853,13:36:01,19.78,-0.30,0.0,1,1978,
854,13:35:58,19.78,-0.30,0.02,30,59340,
855,13:35:55,19.76,-0.40,0.0,1,1976,
856,13:35:52,19.76,-0.40,-0.01,3,5928,
857,13:35:40,19.77,-0.35,0.01,5,9885,
858,13:35:13,19.76,-0.40,0.0,108,213408,
859,13:35:13,19.76,-0.40,-0.02,108,213408,
860,13:35:10,19.78,-0.30,0.0,2,3956,
861,13:35:07,19.78,-0.30,0.0,1,1978,
862,13:34:49,19.78,-0.30,0.01,42,83076,
863,13:34:46,19.77,-0.35,0.01,4,7908,
864,13:34:43,19.76,-0.40,-0.01,11,21736,
865,13:34:31,19.77,-0.35,0.01,2,3954,
866,13:34:28,19.76,-0.40,0.0,1,1976,
867,13:34:25,19.76,-0.40,-0.01,88,173888,
868,13:34:19,19.77,-0.35,0.0,10,19770,
869,13:34:16,19.77,-0.35,0.0,10,19770,
870,13:34:10,19.77,-0.35,0.0,4,7908,
871,13:34:07,19.77,-0.35,0.0,5,9885,
872,13:34:01,19.77,-0.35,0.01,62,122574,
873,13:33:58,19.76,-0.40,-0.01,28,55328,
874,13:33:49,19.77,-0.35,0.01,20,39540,
875,13:33:37,19.76,-0.40,0.0,7,13832,
876,13:33:34,19.76,-0.40,-0.01,5,9880,
877,13:33:28,19.77,-0.35,0.01,2,3954,
878,13:33:25,19.76,-0.40,-0.01,9,17784,
879,13:33:16,19.77,-0.35,0.0,5,9885,
880,13:33:10,19.77,-0.35,-0.01,183,361791,
881,13:33:04,19.78,-0.30,0.0,129,255162,
882,13:33:01,19.78,-0.30,0.0,3,5934,
883,13:32:49,19.78,-0.30,0.01,1,1978,
884,13:32:34,19.77,-0.35,-0.01,8,15816,
885,13:32:25,19.78,-0.30,0.0,30,59340,
886,13:32:13,19.78,-0.30,0.0,99,195822,
887,13:32:07,19.78,-0.30,0.0,19,37582,
888,13:31:52,19.78,-0.30,0.0,22,43516,
889,13:31:34,19.78,-0.30,0.0,17,33626,
890,13:31:25,19.78,-0.30,0.0,10,19780,
891,13:31:22,19.78,-0.30,0.0,183,361974,
892,13:31:16,19.78,-0.30,-0.01,4,7912,
893,13:31:13,19.79,-0.25,0.0,1,1979,
894,13:31:10,19.79,-0.25,0.0,2,3958,
895,13:31:01,19.79,-0.25,0.0,312,617448,
896,13:30:58,19.79,-0.25,0.0,13,25727,
897,13:30:55,19.79,-0.25,0.01,5,9895,
898,13:30:52,19.78,-0.30,-0.01,11,21758,
899,13:30:49,19.79,-0.25,0.01,5,9895,
900,13:30:43,19.78,-0.30,-0.01,82,162196,
901,13:30:40,19.79,-0.25,0.0,31,61349,
902,13:30:34,19.79,-0.25,0.0,93,184047,
903,13:30:28,19.79,-0.25,-0.01,3,5937,
904,13:30:25,19.8,-0.20,0.01,21,41580,
905,13:30:22,19.79,-0.25,0.0,16,31664,
906,13:30:19,19.79,-0.25,0.0,1,1979,
907,13:30:04,19.79,-0.25,-0.01,1,1979,
908,13:29:58,19.8,-0.20,0.01,17,33660,
909,13:29:52,19.79,-0.25,0.0,1,1979,
910,13:29:46,19.79,-0.25,0.0,9,17811,
911,13:29:40,19.79,-0.25,-0.01,6,11874,
912,13:29:34,19.8,-0.20,0.01,6,11880,
913,13:29:31,19.79,-0.25,-0.01,2,3958,
914,13:29:25,19.8,-0.20,0.01,11,21780,
915,13:29:19,19.79,-0.25,0.0,40,79160,
916,13:29:13,19.79,-0.25,0.0,53,104887,
917,13:29:07,19.79,-0.25,0.0,23,45517,
918,13:29:07,19.79,-0.25,0.0,23,45517,
919,13:29:01,19.79,-0.25,0.01,30,59370,
920,13:28:43,19.78,-0.30,0.0,2,3956,
921,13:28:37,19.78,-0.30,0.0,21,41538,
922,13:28:34,19.78,-0.30,0.0,41,81098,
923,13:28:31,19.78,-0.30,0.0,10,19780,
924,13:28:28,19.78,-0.30,0.0,18,35604,
925,13:28:22,19.78,-0.30,0.0,90,178020,
926,13:28:19,19.78,-0.30,0.0,4,7912,
927,13:28:16,19.78,-0.30,0.0,10,19780,
928,13:28:10,19.78,-0.30,0.0,129,255162,
929,13:28:04,19.78,-0.30,-0.01,41,81098,
930,13:27:58,19.79,-0.25,0.0,5,9895,
931,13:27:49,19.79,-0.25,0.01,1,1979,
932,13:27:46,19.78,-0.30,-0.01,80,158240,
933,13:27:40,19.79,-0.25,0.01,18,35622,
934,13:27:37,19.78,-0.30,0.0,9,17802,
935,13:27:31,19.78,-0.30,0.0,33,65274,
936,13:27:28,19.78,-0.30,-0.01,20,39560,
937,13:27:19,19.79,-0.25,0.01,10,19790,
938,13:27:13,19.78,-0.30,0.0,1,1978,
939,13:27:01,19.78,-0.30,0.0,1,1978,
940,13:26:55,19.78,-0.30,0.0,68,134504,
941,13:26:52,19.78,-0.30,0.0,73,144394,
942,13:26:49,19.78,-0.30,0.0,23,45494,
943,13:26:40,19.78,-0.30,0.01,14,27692,
944,13:26:37,19.77,-0.35,0.01,1,1977,
945,13:26:28,19.76,-0.40,-0.01,73,144248,
946,13:26:25,19.77,-0.35,0.0,3,5931,
947,13:26:19,19.77,-0.35,0.01,24,47448,
948,13:26:10,19.76,-0.40,0.01,1,1976,
949,13:26:04,19.75,-0.45,-0.01,211,416725,
950,13:26:01,19.76,-0.40,0.0,47,92872,
951,13:25:52,19.76,-0.40,0.01,20,39520,
952,13:25:49,19.75,-0.45,0.0,1,1975,
953,13:25:40,19.75,-0.45,-0.01,8,15800,
954,13:25:37,19.76,-0.40,0.01,13,25688,
955,13:25:28,19.75,-0.45,0.0,2,3950,
956,13:25:22,19.75,-0.45,0.0,35,69125,
957,13:25:16,19.75,-0.45,0.0,1,1975,
958,13:25:13,19.75,-0.45,0.0,41,80975,
959,13:25:07,19.75,-0.45,0.0,5,9875,
960,13:24:52,19.75,-0.45,0.02,38,75050,
961,13:24:43,19.73,-0.55,-0.02,9,17757,
962,13:24:28,19.75,-0.45,0.01,102,201450,
963,13:24:19,19.74,-0.50,-0.01,3,5922,
964,13:24:10,19.75,-0.45,0.0,6,11850,
965,13:24:07,19.75,-0.45,0.02,1,1975,
966,13:23:55,19.73,-0.55,0.0,16,31568,
967,13:23:52,19.73,-0.55,0.0,1,1973,
968,13:23:46,19.73,-0.55,0.01,9,17757,
969,13:23:28,19.72,-0.60,-0.03,2,3944,
970,13:23:25,19.75,-0.45,0.03,5,9875,
971,13:23:16,19.72,-0.60,-0.01,62,122264,
972,13:23:07,19.73,-0.55,0.01,2,3946,
973,13:23:04,19.72,-0.60,-0.01,4,7888,
974,13:22:46,19.73,-0.55,-0.01,57,112461,
975,13:22:46,19.73,-0.55,-0.01,57,112461,
976,13:22:43,19.74,-0.50,-0.01,3,5922,
977,13:22:40,19.75,-0.45,0.01,100,197500,
978,13:22:34,19.74,-0.50,0.0,93,183582,
979,13:22:16,19.74,-0.50,0.0,6,11844,
980,13:22:13,19.74,-0.50,0.02,7,13818,
981,13:21:52,19.72,-0.60,-0.01,74,145928,
982,13:21:49,19.73,-0.55,0.02,24,47352,
983,13:21:13,19.71,-0.66,0.0,9,17739,
984,13:21:04,19.71,-0.66,-0.01,74,145854,
985,13:21:01,19.72,-0.60,-0.02,18,35496,
986,13:20:40,19.74,-0.50,0.02,12,23688,
987,13:20:25,19.72,-0.60,0.0,23,45356,
988,13:20:13,19.72,-0.60,0.0,12,23664,
989,13:20:04,19.72,-0.60,0.01,20,39440,
990,13:19:52,19.71,-0.66,0.01,1,1971,
991,13:19:25,19.7,-0.71,-0.02,9,17730,
992,13:19:10,19.72,-0.60,-0.02,11,21692,
993,13:19:04,19.74,-0.50,0.02,2,3948,
994,13:19:01,19.72,-0.60,-0.02,31,61132,
995,13:18:43,19.74,-0.50,0.01,3,5922,
996,13:18:40,19.73,-0.55,0.01,8,15784,
997,13:18:37,19.72,-0.60,0.0,2,3944,
998,13:18:31,19.72,-0.60,-0.02,1,1972,
999,13:18:18,19.74,-0.50,0.04,9,17766,
1000,13:18:12,19.7,-0.71,-0.03,187,368390,
1001,13:18:09,19.73,-0.55,-0.02,59,116407,
1002,13:18:03,19.75,-0.45,0.02,5,9875,
1003,13:17:51,19.73,-0.55,0.0,9,17757,
1004,13:17:45,19.73,-0.55,0.0,8,15784,
1005,13:17:42,19.73,-0.55,0.0,18,35514,
1006,13:17:36,19.73,-0.55,0.0,30,59190,
1007,13:17:33,19.73,-0.55,-0.02,9,17757,
1008,13:17:27,19.75,-0.45,0.02,5,9875,
1009,13:17:21,19.73,-0.55,0.0,1,1973,
1010,13:17:15,19.73,-0.55,0.0,1,1973,
1011,13:17:12,19.73,-0.55,-0.02,16,31568,
1012,13:16:48,19.75,-0.45,-0.02,10,19750,
1013,13:16:48,19.75,-0.45,0.02,10,19750,
1014,13:16:42,19.73,-0.55,0.0,2,3946,
1015,13:16:39,19.73,-0.55,-0.02,2,3946,
1016,13:16:33,19.75,-0.45,0.04,10,19750,
1017,13:16:27,19.71,-0.66,-0.02,10,19710,
1018,13:16:18,19.73,-0.55,0.0,9,17757,
1019,13:16:15,19.73,-0.55,0.0,1,1973,
1020,13:16:09,19.73,-0.55,0.02,20,39460,
1021,13:16:06,19.71,-0.66,-0.02,9,17739,
1022,13:16:03,19.73,-0.55,0.0,5,9865,
1023,13:15:51,19.73,-0.55,0.0,35,69055,
1024,13:15:48,19.73,-0.55,-0.01,1,1973,
1025,13:15:45,19.74,-0.50,0.01,39,76986,
1026,13:15:30,19.73,-0.55,-0.02,2,3946,
1027,13:15:18,19.75,-0.45,0.0,19,37525,
1028,13:15:00,19.75,-0.45,0.0,13,25675,
1029,13:14:57,19.75,-0.45,0.0,2,3950,
1030,13:14:54,19.75,-0.45,0.0,3,5925,
1031,13:14:42,19.75,-0.45,0.0,10,19750,
1032,13:14:24,19.75,-0.45,0.02,102,201450,
1033,13:14:09,19.73,-0.55,-0.03,30,59190,
1034,13:14:03,19.76,-0.40,0.01,70,138320,
1035,13:13:48,19.75,-0.45,0.02,10,19750,
1036,13:13:45,19.73,-0.55,-0.02,14,27622,
1037,13:13:36,19.75,-0.45,-0.01,10,19750,
1038,13:13:21,19.76,-0.40,0.06,24,47424,
1039,13:13:18,19.7,-0.71,-0.05,107,210790,
1040,13:13:15,19.75,-0.45,0.02,57,112575,
1041,13:13:12,19.73,-0.55,0.0,17,33541,
1042,13:13:06,19.73,-0.55,0.03,5,9865,
1043,13:13:03,19.7,-0.71,-0.04,5,9850,
1044,13:13:00,19.74,-0.50,0.0,58,114492,
1045,13:12:57,19.74,-0.50,0.01,112,221088,
1046,13:12:54,19.73,-0.55,0.0,6,11838,
1047,13:12:45,19.73,-0.55,0.0,1,1973,
1048,13:12:39,19.73,-0.55,0.0,1,1973,
1049,13:12:36,19.73,-0.55,0.0,5,9865,
1050,13:12:30,19.73,-0.55,-0.01,52,102596,
1051,13:12:27,19.74,-0.50,0.0,9,17766,
1052,13:12:15,19.74,-0.50,0.0,28,55272,
1053,13:12:12,19.74,-0.50,0.0,6,11844,
1054,13:12:00,19.74,-0.50,0.01,27,53298,
1055,13:11:57,19.73,-0.55,0.0,7,13811,
1056,13:11:45,19.73,-0.55,0.01,4,7892,
1057,13:11:30,19.72,-0.60,0.0,4,7888,
1058,13:11:18,19.72,-0.60,0.02,1,1972,
1059,13:10:57,19.7,-0.71,0.0,1,1970,
1060,13:10:54,19.7,-0.71,0.01,7,13790,
1061,13:10:39,19.69,-0.76,0.0,9,17721,
1062,13:10:39,19.69,-0.76,0.0,9,17721,
1063,13:10:39,19.69,-0.76,0.0,9,17721,
1064,13:10:33,19.69,-0.76,0.02,3,5907,
1065,13:10:30,19.67,-0.86,-0.02,13,25571,
1066,13:10:24,19.69,-0.76,0.02,50,98450,
1067,13:10:12,19.67,-0.86,0.0,11,21637,
1068,13:10:09,19.67,-0.86,0.0,5,9835,
1069,13:10:06,19.67,-0.86,0.0,3,5901,
1070,13:10:03,19.67,-0.86,0.0,20,39340,
1071,13:10:00,19.67,-0.86,0.0,50,98350,
1072,13:09:45,19.67,-0.86,0.0,4,7868,
1073,13:09:27,19.67,-0.86,0.0,35,68845,
1074,13:09:12,19.67,-0.86,-0.01,2,3934,
1075,13:08:54,19.68,-0.81,0.0,2,3936,
1076,13:08:45,19.68,-0.81,0.0,47,92496,
1077,13:08:39,19.68,-0.81,0.0,2,3936,
1078,13:08:30,19.68,-0.81,0.0,21,41328,
1079,13:08:21,19.68,-0.81,0.0,9,17712,
1080,13:08:15,19.68,-0.81,-0.02,26,51168,
1081,13:08:06,19.7,-0.71,0.01,10,19700,
1082,13:08:00,19.69,-0.76,0.0,3,5907,
1083,13:07:54,19.69,-0.76,0.0,3,5907,
1084,13:07:48,19.69,-0.76,0.0,1,1969,
1085,13:07:27,19.69,-0.76,0.0,9,17721,
1086,13:07:03,19.69,-0.76,0.0,5,9845,
1087,13:06:54,19.69,-0.76,0.0,30,59070,
1088,13:06:39,19.69,-0.76,-0.01,100,196900,
1089,13:06:18,19.7,-0.71,0.01,55,108350,
1090,13:06:15,19.69,-0.76,0.0,3,5907,
1091,13:05:54,19.69,-0.76,0.0,10,19690,
1092,13:05:39,19.69,-0.76,-0.01,6,11814,
1093,13:05:21,19.7,-0.71,-0.01,75,147750,
1094,13:05:12,19.71,-0.66,0.0,3,5913,
1095,13:05:03,19.71,-0.66,0.0,10,19710,
1096,13:04:42,19.71,-0.66,0.01,7,13797,
1097,13:04:36,19.7,-0.71,-0.01,2,3940,
1098,13:04:27,19.71,-0.66,-0.01,4,7884,
1099,13:04:27,19.71,-0.66,0.01,4,7884,
1100,13:04:06,19.7,-0.71,0.0,30,59100,
1101,13:04:00,19.7,-0.71,0.0,5,9850,
1102,13:03:45,19.7,-0.71,0.0,5,9850,
1103,13:03:30,19.7,-0.71,-0.01,8,15760,
1104,13:03:21,19.71,-0.66,0.0,9,17739,
1105,13:03:18,19.71,-0.66,0.0,1,1971,
1106,13:03:15,19.71,-0.66,0.0,3,5913,
1107,13:03:12,19.71,-0.66,0.0,18,35478,
1108,13:02:51,19.71,-0.66,0.0,8,15768,
1109,13:02:48,19.71,-0.66,0.0,8,15768,
1110,13:02:42,19.71,-0.66,-0.01,100,197100,
1111,13:02:15,19.72,-0.60,-0.01,21,41412,
1112,13:02:03,19.73,-0.55,0.0,12,23676,
1113,13:01:57,19.73,-0.55,-0.01,2,3946,
1114,13:01:48,19.74,-0.50,0.0,43,84882,
1115,13:01:32,19.74,-0.50,0.0,16,31584,
1116,13:01:20,19.74,-0.50,0.0,8,15792,
1117,13:00:59,19.74,-0.50,0.01,19,37506,
1118,13:00:41,19.73,-0.55,0.0,1,1973,
1119,13:00:29,19.73,-0.55,0.02,2,5820,
1120,13:00:08,19.71,-0.66,-0.02,10,19710,
1121,13:00:05,19.73,-0.55,0.02,22,43406,
1122,13:00:02,19.71,-0.66,0.0,87,171477,
1123,11:30:03,19.71,-0.66,0.01,19,37449,
1124,11:29:51,19.7,-0.71,-0.01,1,1970,
1125,11:29:42,19.71,-0.66,0.0,10,19710,
1126,11:29:36,19.71,-0.66,0.01,15,29565,
1127,11:29:27,19.7,-0.71,0.0,9,17730,
1128,11:29:18,19.7,-0.71,0.0,54,106380,
1129,11:29:06,19.7,-0.71,0.01,19,37430,
1130,11:29:03,19.69,-0.76,0.0,9,17721,
1131,11:28:51,19.69,-0.76,0.02,36,70884,
1132,11:28:27,19.67,-0.86,-0.02,24,47208,
1133,11:28:18,19.69,-0.76,-0.02,11,21659,
1134,11:28:18,19.69,-0.76,0.01,11,21659,
1135,11:28:09,19.68,-0.81,0.0,1,1968,
1136,11:28:03,19.68,-0.81,0.01,26,51168,
1137,11:27:51,19.67,-0.86,0.0,1,1967,
1138,11:27:39,19.67,-0.86,0.0,15,29505,
1139,11:27:36,19.67,-0.86,0.0,46,90482,
1140,11:27:33,19.67,-0.86,0.02,3,5901,
1141,11:27:06,19.65,-0.96,0.0,15,29475,
1142,11:27:00,19.65,-0.96,0.01,26,51090,
1143,11:26:57,19.64,-1.01,0.0,49,96236,
1144,11:26:48,19.64,-1.01,-0.01,9,17676,
1145,11:26:42,19.65,-0.96,0.0,10,19650,
1146,11:26:39,19.65,-0.96,0.01,5,9825,
1147,11:26:33,19.64,-1.01,-0.01,100,196400,
1148,11:26:27,19.65,-0.96,0.0,3,5895,
1149,11:26:12,19.65,-0.96,-0.03,157,308505,
1150,11:26:03,19.68,-0.81,0.03,2,3936,
1151,11:25:57,19.65,-0.96,-0.01,134,263310,
1152,11:25:54,19.66,-0.91,-0.02,100,196600,
1153,11:25:45,19.68,-0.81,-0.01,80,157440,
1154,11:25:39,19.69,-0.76,0.01,10,19690,
1155,11:25:18,19.68,-0.81,0.0,28,55104,
1156,11:25:06,19.68,-0.81,0.0,8,15744,
1157,11:25:03,19.68,-0.81,0.01,30,59040,
1158,11:25:00,19.67,-0.86,-0.01,9,17703,
1159,11:24:54,19.68,-0.81,0.0,38,74784,
1160,11:24:45,19.68,-0.81,0.01,2,3936,
1161,11:24:42,19.67,-0.86,-0.01,33,64911,
1162,11:24:33,19.68,-0.81,0.01,102,200736,
1163,11:24:30,19.67,-0.86,-0.01,26,51142,
1164,11:24:27,19.68,-0.81,0.01,5,9840,
1165,11:24:24,19.67,-0.86,0.0,39,76713,
1166,11:24:21,19.67,-0.86,0.0,4,7868,
1167,11:24:18,19.67,-0.86,-0.01,30,59010,
1168,11:23:51,19.68,-0.81,0.0,20,39360,
1169,11:23:45,19.68,-0.81,0.0,20,39360,
1170,11:23:42,19.68,-0.81,0.0,41,80688,
1171,11:23:30,19.68,-0.81,0.01,5,9840,
1172,11:23:27,19.67,-0.86,0.0,2,3934,
1173,11:23:12,19.67,-0.86,-0.01,10,19670,
1174,11:23:09,19.68,-0.81,0.0,2,3936,
1175,11:23:06,19.68,-0.81,0.01,4,7872,
1176,11:22:51,19.67,-0.86,-0.01,11,21637,
1177,11:22:48,19.68,-0.81,-0.01,10,19680,
1178,11:22:36,19.69,-0.76,0.01,30,59070,
1179,11:22:30,19.68,-0.81,-0.01,77,151536,
1180,11:22:27,19.69,-0.76,0.01,100,196900,
1181,11:22:24,19.68,-0.81,0.0,13,25584,
1182,11:22:15,19.68,-0.81,0.0,5,9840,
1183,11:22:09,19.68,-0.81,0.0,30,59040,
1184,11:22:09,19.68,-0.81,0.0,30,59040,
1185,11:22:09,19.68,-0.81,-0.01,30,59040,
1186,11:21:57,19.69,-0.76,0.01,3,5907,
1187,11:21:51,19.68,-0.81,-0.01,60,118080,
1188,11:21:36,19.69,-0.76,0.0,10,19690,
1189,11:21:27,19.69,-0.76,0.01,1,1969,
1190,11:21:21,19.68,-0.81,0.0,7,13776,
1191,11:21:12,19.68,-0.81,0.0,22,43296,
1192,11:21:06,19.68,-0.81,0.0,10,19680,
1193,11:20:42,19.68,-0.81,0.0,19,37392,
1194,11:20:36,19.68,-0.81,0.01,1,1968,
1195,11:20:21,19.67,-0.86,0.01,45,88515,
1196,11:20:15,19.66,-0.91,-0.01,35,68810,
1197,11:20:12,19.67,-0.86,0.0,32,62944,
1198,11:20:09,19.67,-0.86,0.01,16,31472,
1199,11:19:45,19.66,-0.91,0.01,2,3932,
1200,11:19:42,19.65,-0.96,0.0,1,1965,
1201,11:19:36,19.65,-0.96,0.0,5,9825,
1202,11:19:30,19.65,-0.96,0.0,1,1965,
1203,11:19:27,19.65,-0.96,0.0,26,51090,
1204,11:19:21,19.65,-0.96,0.0,13,25545,
1205,11:19:15,19.65,-0.96,0.0,31,60915,
1206,11:19:03,19.65,-0.96,0.0,4,7860,
1207,11:18:48,19.65,-0.96,-0.02,6,11790,
1208,11:18:45,19.67,-0.86,0.03,86,169162,
1209,11:18:42,19.64,-1.01,0.0,4,7856,
1210,11:18:36,19.64,-1.01,0.0,20,39280,
1211,11:18:33,19.64,-1.01,0.0,33,64812,
1212,11:18:30,19.64,-1.01,0.01,10,19640,
1213,11:18:27,19.63,-1.06,-0.01,10,19630,
1214,11:18:18,19.64,-1.01,0.0,17,33388,
1215,11:18:15,19.64,-1.01,0.0,1,1964,
1216,11:18:12,19.64,-1.01,-0.01,164,322096,
1217,11:18:06,19.65,-0.96,0.0,5,9825,
1218,11:18:00,19.65,-0.96,0.01,56,110040,
1219,11:17:54,19.64,-1.01,0.0,14,27496,
1220,11:17:48,19.64,-1.01,0.02,126,247464,
1221,11:17:45,19.62,-1.11,-0.02,104,204048,
1222,11:17:42,19.64,-1.01,0.0,3,5892,
1223,11:17:30,19.64,-1.01,-0.01,4,7856,
1224,11:17:27,19.65,-0.96,0.0,11,21615,
1225,11:17:21,19.65,-0.96,0.0,5,9825,
1226,11:17:18,19.65,-0.96,0.0,25,49125,
1227,11:17:09,19.65,-0.96,-0.01,180,353700,
1228,11:17:00,19.66,-0.91,0.01,8,15728,
1229,11:16:57,19.65,-0.96,0.0,21,41265,
1230,11:16:51,19.65,-0.96,-0.01,31,60915,
1231,11:16:48,19.66,-0.91,0.01,14,27524,
1232,11:16:45,19.65,-0.96,0.0,70,137550,
1233,11:16:42,19.65,-0.96,0.0,21,41265,
1234,11:16:39,19.65,-0.96,0.0,18,35370,
1235,11:16:36,19.65,-0.96,0.0,19,37335,
1236,11:16:30,19.65,-0.96,-0.01,69,135585,
1237,11:16:24,19.66,-0.91,0.0,26,51116,
1238,11:16:21,19.66,-0.91,-0.01,11,21626,
1239,11:16:18,19.67,-0.86,0.02,10,19670,
1240,11:16:15,19.65,-0.96,-0.02,335,658275,
1241,11:16:00,19.67,-0.86,0.0,15,30489,
1242,11:15:57,19.67,-0.86,0.0,96,188832,
1243,11:15:57,19.67,-0.86,0.0,96,188832,
1244,11:15:51,19.67,-0.86,0.0,52,102284,
1245,11:15:45,19.67,-0.86,0.0,5,9835,
1246,11:15:42,19.67,-0.86,0.0,41,80647,
1247,11:15:39,19.67,-0.86,-0.01,91,178997,
1248,11:15:36,19.68,-0.81,0.0,108,212544,
1249,11:15:30,19.68,-0.81,0.0,106,208608,
1250,11:15:27,19.68,-0.81,-0.01,15,29520,
1251,11:15:24,19.69,-0.76,0.01,3,5907,
1252,11:15:15,19.68,-0.81,-0.01,5,9840,
1253,11:15:09,19.69,-0.76,0.01,6,11814,
1254,11:15:03,19.68,-0.81,-0.01,42,82656,
1255,11:15:00,19.69,-0.76,0.0,16,31504,
1256,11:14:57,19.69,-0.76,0.0,1,1969,
1257,11:14:54,19.69,-0.76,0.0,30,59070,
1258,11:14:51,19.69,-0.76,0.0,5,9845,
1259,11:14:48,19.69,-0.76,-0.01,1,1969,
1260,11:14:39,19.7,-0.71,0.0,6,11820,
1261,11:14:33,19.7,-0.71,-0.01,98,193060,
1262,11:14:27,19.71,-0.66,-0.01,171,337041,
1263,11:14:24,19.72,-0.60,0.01,8,15776,
1264,11:14:21,19.71,-0.66,-0.01,1,1971,
1265,11:14:18,19.72,-0.60,-0.01,10,19720,
1266,11:14:09,19.73,-0.55,0.0,5,9865,
1267,11:13:57,19.73,-0.55,0.02,1,1973,
1268,11:13:42,19.71,-0.66,-0.01,2,3942,
1269,11:13:21,19.72,-0.60,0.01,10,19720,
1270,11:13:18,19.71,-0.66,0.0,5,9855,
1271,11:13:12,19.71,-0.66,0.0,1,1971,
1272,11:13:09,19.71,-0.66,0.0,19,37449,
1273,11:13:00,19.71,-0.66,-0.01,1,1971,
1274,11:12:48,19.72,-0.60,-0.01,85,167620,
1275,11:11:41,19.73,-0.55,0.0,0,99,
1276,11:11:38,19.73,-0.55,0.0,108,214958,
1277,11:11:35,19.73,-0.55,0.0,1,1973,
1278,11:11:17,19.73,-0.55,-0.01,14,27622,
1279,11:11:11,19.74,-0.50,0.0,45,88830,
1280,11:11:05,19.74,-0.50,0.0,5,9870,
1281,11:11:02,19.74,-0.50,0.0,1,1974,
1282,11:10:47,19.74,-0.50,0.0,40,78960,
1283,11:10:32,19.74,-0.50,-0.01,1,1974,
1284,11:10:29,19.75,-0.45,0.01,1,1975,
1285,11:09:59,19.74,-0.50,0.0,8,15792,
1286,11:09:56,19.74,-0.50,0.0,51,100674,
1287,11:09:53,19.74,-0.50,0.0,2,3948,
1288,11:09:44,19.74,-0.50,0.0,10,19740,
1289,11:09:44,19.74,-0.50,0.01,10,19740,
1290,11:09:41,19.73,-0.55,0.0,2,3946,
1291,11:09:38,19.73,-0.55,0.0,20,39460,
1292,11:09:29,19.73,-0.55,-0.01,2,3946,
1293,11:09:20,19.74,-0.50,0.01,5,9870,
1294,11:09:02,19.73,-0.55,0.0,9,17757,
1295,11:08:50,19.73,-0.55,0.0,1,1973,
1296,11:08:38,19.73,-0.55,0.01,1,1973,
1297,11:08:23,19.72,-0.60,0.0,1,1972,
1298,11:08:08,19.72,-0.60,0.0,2,3944,
1299,11:08:05,19.72,-0.60,0.0,1,1972,
1300,11:07:47,19.72,-0.60,0.0,3,5916,
1301,11:07:44,19.72,-0.60,0.01,13,25636,
1302,11:07:41,19.71,-0.66,-0.01,3,5913,
1303,11:07:38,19.72,-0.60,0.0,3,5916,
1304,11:07:29,19.72,-0.60,0.0,34,67048,
1305,11:07:23,19.72,-0.60,-0.01,47,92684,
1306,11:07:17,19.73,-0.55,-0.01,2,3946,
1307,11:06:53,19.74,-0.50,0.01,11,21714,
1308,11:06:44,19.73,-0.55,-0.01,15,29595,
1309,11:06:32,19.74,-0.50,0.0,28,55272,
1310,11:06:26,19.74,-0.50,0.01,2,3948,
1311,11:06:20,19.73,-0.55,0.0,10,19730,
1312,11:06:02,19.73,-0.55,0.02,52,102596,
1313,11:05:53,19.71,-0.66,-0.02,17,33507,
1314,11:05:26,19.73,-0.55,0.01,11,21703,
1315,11:05:20,19.72,-0.60,0.0,2,3944,
1316,11:05:17,19.72,-0.60,0.0,39,76908,
1317,11:05:11,19.72,-0.60,0.0,3,5916,
1318,11:05:08,19.72,-0.60,0.0,1,1972,
1319,11:05:05,19.72,-0.60,-0.01,37,72964,
1320,11:05:02,19.73,-0.55,0.01,24,47352,
1321,11:04:38,19.72,-0.60,0.0,8,15776,
1322,11:04:29,19.72,-0.60,0.01,8,15776,
1323,11:04:26,19.71,-0.66,0.0,10,19710,
1324,11:04:11,19.71,-0.66,0.0,9,17739,
1325,11:03:50,19.71,-0.66,0.0,5,9855,
1326,11:03:44,19.71,-0.66,-0.01,5,9855,
1327,11:03:20,19.72,-0.60,-0.01,1,1972,
1328,11:03:20,19.72,-0.60,0.01,1,1972,
1329,11:03:08,19.71,-0.66,-0.01,12,23652,
1330,11:02:41,19.72,-0.60,0.0,4,7888,
1331,11:02:29,19.72,-0.60,0.01,1,1972,
1332,11:02:26,19.71,-0.66,-0.04,10,19710,
1333,11:02:23,19.75,-0.45,0.03,51,100725,
1334,11:02:17,19.72,-0.60,0.0,2,3944,
1335,11:02:11,19.72,-0.60,0.0,3,5916,
1336,11:02:08,19.72,-0.60,-0.03,6,11832,
1337,11:02:05,19.75,-0.45,0.0,1,1975,
1338,11:01:59,19.75,-0.45,-0.01,123,242925,
1339,11:01:38,19.76,-0.40,0.0,110,217360,
1340,11:01:35,19.76,-0.40,0.01,1,1976,
1341,11:01:29,19.75,-0.45,0.0,10,19750,
1342,11:01:26,19.75,-0.45,0.0,1,1975,
1343,11:01:20,19.75,-0.45,0.03,95,187625,
1344,11:00:59,19.72,-0.60,0.01,120,236640,
1345,11:00:47,19.71,-0.66,-0.03,36,70956,
1346,11:00:41,19.74,-0.50,0.03,8,15792,
1347,11:00:32,19.71,-0.66,-0.03,15,29565,
1348,11:00:29,19.74,-0.50,0.03,2,3948,
1349,11:00:20,19.71,-0.66,0.0,4,7884,
1350,11:00:11,19.71,-0.66,0.01,53,104463,
1351,10:59:53,19.7,-0.71,0.0,10,19700,
1352,10:59:50,19.7,-0.71,0.0,3,5910,
1353,10:59:47,19.7,-0.71,0.01,8,15760,
1354,10:59:44,19.69,-0.76,-0.01,10,19690,
1355,10:59:41,19.7,-0.71,0.01,208,409760,
1356,10:59:35,19.69,-0.76,-0.01,79,155807,
1357,10:59:32,19.7,-0.71,0.0,25,49250,
1358,10:59:26,19.7,-0.71,0.0,52,102440,
1359,10:59:23,19.7,-0.71,-0.01,145,285650,
1360,10:59:17,19.71,-0.66,0.0,2,3942,
1361,10:59:14,19.71,-0.66,0.0,2,3942,
1362,10:59:02,19.71,-0.66,0.0,2,3942,
1363,10:58:47,19.71,-0.66,0.01,20,39420,
1364,10:58:41,19.7,-0.71,0.01,20,39400,
1365,10:58:29,19.69,-0.76,-0.01,10,19690,
1366,10:58:26,19.7,-0.71,0.01,97,192075,
1367,10:58:20,19.69,-0.76,-0.01,53,104357,
1368,10:58:17,19.7,-0.71,0.0,12,23640,
1369,10:58:14,19.7,-0.71,0.0,13,25610,
1370,10:58:11,19.7,-0.71,0.0,17,33490,
1371,10:58:05,19.7,-0.71,0.0,3,5910,
1372,10:58:02,19.7,-0.71,0.01,1,1970,
1373,10:57:59,19.69,-0.76,-0.01,4,7876,
1374,10:57:53,19.7,-0.71,0.02,26,51220,
1375,10:57:47,19.68,-0.81,0.0,13,25584,
1376,10:57:38,19.68,-0.81,-0.02,12,23616,
1377,10:57:23,19.7,-0.71,-0.02,108,212760,
1378,10:57:23,19.7,-0.71,0.02,108,212760,
1379,10:57:20,19.68,-0.81,0.0,15,29520,
1380,10:57:17,19.68,-0.81,0.0,2,3936,
1381,10:57:14,19.68,-0.81,-0.02,12,23616,
1382,10:57:08,19.7,-0.71,0.02,121,238370,
1383,10:57:05,19.68,-0.81,0.0,49,96432,
1384,10:57:02,19.68,-0.81,0.0,4,7872,
1385,10:56:53,19.68,-0.81,0.0,54,106272,
1386,10:56:50,19.68,-0.81,0.0,22,43296,
1387,10:56:47,19.68,-0.81,0.0,46,90528,
1388,10:56:41,19.68,-0.81,-0.02,15,29520,
1389,10:56:38,19.7,-0.71,0.03,7,13790,
1390,10:56:32,19.67,-0.86,-0.03,50,98350,
1391,10:56:26,19.7,-0.71,0.0,9,17730,
1392,10:56:23,19.7,-0.71,0.0,6,11820,
1393,10:56:20,19.7,-0.71,0.03,1,1970,
1394,10:56:14,19.67,-0.86,-0.01,100,196700,
1395,10:56:02,19.68,-0.81,0.01,1,1968,
1396,10:55:59,19.67,-0.86,0.0,0,984,
1397,10:55:56,19.67,-0.86,0.0,18,35406,
1398,10:55:50,19.67,-0.86,0.0,4,7868,
1399,10:55:44,19.67,-0.86,0.0,1,1967,
1400,10:55:41,19.67,-0.86,-0.03,339,666813,
1401,10:55:38,19.7,-0.71,0.02,15,29550,
1402,10:55:35,19.68,-0.81,0.0,21,41328,
1403,10:55:32,19.68,-0.81,0.0,6,11808,
1404,10:55:23,19.68,-0.81,-0.01,291,572688,
1405,10:55:20,19.69,-0.76,0.0,9,17721,
1406,10:55:11,19.69,-0.76,0.02,161,317009,
1407,10:55:02,19.67,-0.86,-0.01,54,106218,
1408,10:54:59,19.68,-0.81,0.0,37,72816,
1409,10:54:56,19.68,-0.81,0.0,1,1968,
1410,10:54:53,19.68,-0.81,0.0,12,23616,
1411,10:54:50,19.68,-0.81,0.0,12,23616,
1412,10:54:47,19.68,-0.81,0.0,9,17712,
1413,10:54:44,19.68,-0.81,0.0,11,21648,
1414,10:54:41,19.68,-0.81,0.0,8,15744,
1415,10:54:38,19.68,-0.81,0.0,13,25584,
1416,10:54:32,19.68,-0.81,0.0,5,9840,
1417,10:54:29,19.68,-0.81,0.0,31,61008,
1418,10:54:26,19.68,-0.81,0.0,3,5904,
1419,10:54:23,19.68,-0.81,0.0,10,19680,
1420,10:54:17,19.68,-0.81,0.0,39,76752,
1421,10:54:11,19.68,-0.81,-0.01,14,27552,
1422,10:54:08,19.69,-0.76,-0.01,10,19690,
1423,10:54:05,19.7,-0.71,0.01,3,5910,
1424,10:54:02,19.69,-0.76,-0.01,31,61039,
1425,10:53:59,19.7,-0.71,0.0,26,51220,
1426,10:53:50,19.7,-0.71,0.0,129,254130,
1427,10:53:41,19.7,-0.71,0.0,18,35460,
1428,10:53:38,19.7,-0.71,-0.01,110,216700,
1429,10:53:35,19.71,-0.66,0.0,67,132057,
1430,10:53:32,19.71,-0.66,0.0,4,7884,
1431,10:53:29,19.71,-0.66,-0.01,25,49275,
1432,10:53:26,19.72,-0.60,0.01,2,3944,
1433,10:53:20,19.71,-0.66,-0.01,51,100521,
1434,10:53:17,19.72,-0.60,0.01,1,1972,
1435,10:53:14,19.71,-0.66,-0.01,15,29565,
1436,10:53:07,19.72,-0.60,0.0,5,9860,
1437,10:53:04,19.72,-0.60,0.01,47,92684,
1438,10:53:01,19.71,-0.66,-0.04,356,703391,
1439,10:52:58,19.75,-0.45,0.01,10,19750,
1440,10:52:55,19.74,-0.50,-0.04,34,67116,
1441,10:52:40,19.78,-0.30,0.04,1,1978,
1442,10:52:34,19.74,-0.50,-0.01,76,150024,
1443,10:52:28,19.75,-0.45,-0.04,7,13825,
1444,10:52:19,19.79,-0.25,0.04,4,7916,
1445,10:52:13,19.75,-0.45,0.0,3,5925,
1446,10:52:10,19.75,-0.45,0.0,1,1975,
1447,10:52:07,19.75,-0.45,0.0,1,1975,
1448,10:51:58,19.75,-0.45,-0.01,8,15800,
1449,10:51:52,19.76,-0.40,0.02,1,1976,
1450,10:51:49,19.74,-0.50,0.0,13,25662,
1451,10:51:46,19.74,-0.50,-0.01,21,41454,
1452,10:51:43,19.75,-0.45,0.0,11,23364,
1453,10:51:40,19.75,-0.45,0.0,8,15800,
1454,10:51:37,19.75,-0.45,-0.04,185,365711,
1455,10:51:31,19.79,-0.25,0.0,142,281018,
1456,10:51:16,19.79,-0.25,0.0,1,1979,
1457,10:51:16,19.79,-0.25,0.01,1,1979,
1458,10:51:13,19.78,-0.30,-0.01,7,13846,
1459,10:51:07,19.79,-0.25,0.01,10,19790,
1460,10:50:40,19.78,-0.30,-0.01,9,17802,
1461,10:50:25,19.79,-0.25,0.03,5,9895,
1462,10:50:10,19.76,-0.40,0.0,28,55328,
1463,10:50:07,19.76,-0.40,-0.02,70,138320,
1464,10:50:04,19.78,-0.30,0.0,2,3956,
1465,10:50:01,19.78,-0.30,0.0,28,56868,
1466,10:49:52,19.78,-0.30,0.0,1,1978,
1467,10:49:40,19.78,-0.30,0.0,10,19780,
1468,10:49:37,19.78,-0.30,0.0,187,370044,
1469,10:49:28,19.78,-0.30,0.02,22,43516,
1470,10:49:19,19.76,-0.40,-0.02,3,5928,
1471,10:49:10,19.78,-0.30,0.0,1,1978,
1472,10:49:04,19.78,-0.30,0.02,1,1978,
1473,10:48:40,19.76,-0.40,0.0,22,43472,
1474,10:48:31,19.76,-0.40,0.0,28,55328,
1475,10:48:25,19.76,-0.40,0.01,1,1976,
1476,10:48:22,19.75,-0.45,0.0,8,15800,
1477,10:48:19,19.75,-0.45,0.0,5,9875,
1478,10:48:01,19.75,-0.45,0.0,2,3950,
1479,10:47:55,19.75,-0.45,0.0,60,118500,
1480,10:47:46,19.75,-0.45,0.0,109,215275,
1481,10:47:43,19.75,-0.45,0.0,1,1975,
1482,10:47:37,19.75,-0.45,0.01,14,27650,
1483,10:47:31,19.74,-0.50,-0.01,25,49350,
1484,10:47:28,19.75,-0.45,0.0,1,1975,
1485,10:47:22,19.75,-0.45,0.01,223,440425,
1486,10:47:19,19.74,-0.50,-0.01,20,39480,
1487,10:47:10,19.75,-0.45,-0.03,146,288350,
1488,10:47:07,19.78,-0.30,0.02,120,237360,
1489,10:47:01,19.76,-0.40,0.01,10,19760,
1490,10:46:55,19.75,-0.45,0.0,3,5925,
1491,10:46:43,19.75,-0.45,0.0,15,29625,
1492,10:46:31,19.75,-0.45,-0.01,30,59250,
1493,10:46:22,19.76,-0.40,0.01,9,17784,
1494,10:46:10,19.75,-0.45,0.0,3,5925,
1495,10:46:07,19.75,-0.45,0.0,3,5925,
1496,10:46:04,19.75,-0.45,-0.01,5,9875,
1497,10:45:52,19.76,-0.40,0.02,4,7904,
1498,10:45:46,19.74,-0.50,-0.01,10,19740,
1499,10:45:43,19.75,-0.45,0.0,8,15800,
1500,10:45:37,19.75,-0.45,0.01,1,1975,
1501,10:45:34,19.74,-0.50,-0.02,6,11844,
1502,10:45:31,19.76,-0.40,0.0,71,140296,
1503,10:45:28,19.76,-0.40,0.01,3,5928,
1504,10:45:25,19.75,-0.45,0.0,35,69125,
1505,10:45:16,19.75,-0.45,-0.01,7,13825,
1506,10:45:13,19.76,-0.40,0.0,1,1976,
1507,10:45:07,19.76,-0.40,0.0,4,7904,
1508,10:45:07,19.76,-0.40,0.0,4,7904,
1509,10:44:58,19.76,-0.40,0.01,5,9880,
1510,10:44:55,19.75,-0.45,0.0,1,1975,
1511,10:44:46,19.75,-0.45,0.0,5,9875,
1512,10:44:43,19.75,-0.45,0.01,3,5925,
1513,10:44:40,19.74,-0.50,-0.01,4,7896,
1514,10:44:37,19.75,-0.45,0.01,22,43450,
1515,10:44:28,19.74,-0.50,0.01,50,98700,
1516,10:44:25,19.73,-0.55,-0.01,5,9865,
1517,10:44:19,19.74,-0.50,0.0,3,5922,
1518,10:44:16,19.74,-0.50,0.0,20,39480,
1519,10:44:13,19.74,-0.50,0.0,20,39480,
1520,10:44:07,19.74,-0.50,0.0,17,33558,
1521,10:43:55,19.74,-0.50,0.0,14,27636,
1522,10:43:49,19.74,-0.50,0.01,1,1974,
1523,10:43:46,19.73,-0.55,-0.02,6,11838,
1524,10:43:43,19.75,-0.45,0.01,37,73075,
1525,10:43:40,19.74,-0.50,0.0,10,19740,
1526,10:43:31,19.74,-0.50,0.0,46,90804,
1527,10:43:19,19.74,-0.50,-0.01,73,144102,
1528,10:43:16,19.75,-0.45,0.0,13,25675,
1529,10:43:10,19.75,-0.45,0.0,3,5925,
1530,10:43:04,19.75,-0.45,0.0,8,15800,
1531,10:42:55,19.75,-0.45,0.0,190,376751,
1532,10:42:46,19.75,-0.45,0.0,38,75050,
1533,10:42:43,19.75,-0.45,0.0,27,53325,
1534,10:42:40,19.75,-0.45,0.01,18,35550,
1535,10:42:37,19.74,-0.50,0.0,7,13818,
1536,10:42:31,19.74,-0.50,-0.01,5,9870,
1537,10:42:28,19.75,-0.45,0.01,53,104675,
1538,10:42:19,19.74,-0.50,-0.01,3,5922,
1539,10:42:16,19.75,-0.45,0.0,50,98750,
1540,10:42:13,19.75,-0.45,0.0,112,221200,
1541,10:42:04,19.75,-0.45,0.01,20,39500,
1542,10:41:58,19.74,-0.50,-0.01,10,19740,
1543,10:41:55,19.75,-0.45,0.0,5,9875,
1544,10:41:46,19.75,-0.45,0.0,10,19750,
1545,10:41:43,19.75,-0.45,0.0,2,3950,
1546,10:41:40,19.75,-0.45,0.0,38,75050,
1547,10:41:34,19.75,-0.45,-0.01,100,197500,
1548,10:41:31,19.76,-0.40,0.01,50,98800,
1549,10:41:22,19.75,-0.45,-0.01,30,59250,
1550,10:41:19,19.76,-0.40,0.0,4,7904,
1551,10:41:10,19.76,-0.40,0.0,22,43472,
1552,10:41:07,19.76,-0.40,0.0,5,9880,
1553,10:40:58,19.76,-0.40,0.0,10,19760,
1554,10:40:55,19.76,-0.40,0.0,10,19760,
1555,10:40:52,19.76,-0.40,0.0,7,13832,
1556,10:40:49,19.76,-0.40,0.0,18,35568,
1557,10:40:40,19.76,-0.40,0.0,5,9880,
1558,10:40:37,19.76,-0.40,0.0,15,29640,
1559,10:40:34,19.76,-0.40,-0.01,38,75088,
1560,10:40:22,19.77,-0.35,0.0,133,264760,
1561,10:40:16,19.77,-0.35,0.0,109,215493,
1562,10:40:10,19.77,-0.35,-0.01,26,51402,
1563,10:40:07,19.78,-0.30,0.01,62,122636,
1564,10:40:01,19.77,-0.35,0.0,14,27836,
1565,10:39:52,19.77,-0.35,-0.01,5,9885,
1566,10:39:46,19.78,-0.30,0.0,30,59340,
1567,10:39:31,19.78,-0.30,0.0,1,3699,
1568,10:39:28,19.78,-0.30,0.0,54,106812,
1569,10:39:25,19.78,-0.30,0.0,7,13846,
1570,10:39:19,19.78,-0.30,0.0,29,57362,
1571,10:39:16,19.78,-0.30,0.01,38,75421,
1572,10:39:10,19.77,-0.35,-0.01,1,1977,
1573,10:39:01,19.78,-0.30,0.0,127,252927,
1574,10:38:58,19.78,-0.30,0.0,21,41538,
1575,10:38:58,19.78,-0.30,0.0,21,41538,
1576,10:38:55,19.78,-0.30,-0.01,22,43516,
1577,10:38:49,19.79,-0.25,0.01,2,3958,
1578,10:38:46,19.78,-0.30,-0.01,21,41538,
1579,10:38:34,19.79,-0.25,0.0,121,239459,
1580,10:38:25,19.79,-0.25,0.0,1,1979,
1581,10:38:22,19.79,-0.25,-0.01,6,11874,
1582,10:38:19,19.8,-0.20,0.01,10,19800,
1583,10:38:16,19.79,-0.25,0.0,55,108845,
1584,10:38:04,19.79,-0.25,0.0,2,3958,
1585,10:37:58,19.79,-0.25,0.0,15,29685,
1586,10:37:52,19.79,-0.25,0.01,5,9895,
1587,10:37:34,19.78,-0.30,-0.01,10,19780,
1588,10:37:31,19.79,-0.25,0.01,6,12131,
1589,10:37:16,19.78,-0.30,-0.01,30,59340,
1590,10:37:13,19.79,-0.25,0.0,18,35622,
1591,10:37:07,19.79,-0.25,0.0,11,21769,
1592,10:37:01,19.79,-0.25,0.0,7,13853,
1593,10:36:55,19.79,-0.25,0.0,16,31664,
1594,10:36:52,19.79,-0.25,0.0,13,25727,
1595,10:36:46,19.79,-0.25,0.0,20,39580,
1596,10:36:34,19.79,-0.25,0.01,8,15832,
1597,10:36:28,19.78,-0.30,0.0,4,7912,
1598,10:36:22,19.78,-0.30,-0.01,6,11868,
1599,10:36:16,19.79,-0.25,0.0,38,75202,
1600,10:36:10,19.79,-0.25,0.0,21,41559,
1601,10:36:04,19.79,-0.25,0.0,5,9895,
1602,10:35:49,19.79,-0.25,-0.01,23,45517,
1603,10:35:46,19.8,-0.20,0.01,12,23760,
1604,10:35:34,19.79,-0.25,0.0,2,3958,
1605,10:35:28,19.79,-0.25,0.01,56,110824,
1606,10:35:25,19.78,-0.30,-0.01,12,23736,
1607,10:35:22,19.79,-0.25,0.0,55,108845,
1608,10:35:19,19.79,-0.25,0.0,3,5937,
1609,10:35:13,19.79,-0.25,0.0,8,15832,
1610,10:35:07,19.79,-0.25,0.01,55,108845,
1611,10:35:01,19.78,-0.30,-0.01,7,13846,
1612,10:34:49,19.79,-0.25,0.0,96,189984,
1613,10:34:46,19.79,-0.25,0.01,35,69265,
1614,10:34:40,19.78,-0.30,0.0,5,9890,
1615,10:34:34,19.78,-0.30,0.0,2,3956,
1616,10:34:31,19.78,-0.30,-0.01,71,140438,
1617,10:34:28,19.79,-0.25,0.01,81,160299,
1618,10:34:22,19.78,-0.30,-0.01,1,1978,
1619,10:34:19,19.79,-0.25,0.01,6,11874,
1620,10:34:13,19.78,-0.30,0.0,127,251206,
1621,10:34:10,19.78,-0.30,0.0,1,1978,
1622,10:34:04,19.78,-0.30,0.0,1,1978,
1623,10:34:01,19.78,-0.30,-0.01,1,1978,
1624,10:33:54,19.79,-0.25,-0.05,282,558078,
1625,10:33:51,19.84,0.00,0.04,370,734080,
1626,10:33:45,19.8,-0.20,0.01,34,67320,
1627,10:33:42,19.79,-0.25,-0.01,1,1979,
1628,10:33:39,19.8,-0.20,0.0,3,5940,
1629,10:33:24,19.8,-0.20,0.0,5,9900,
1630,10:33:18,19.8,-0.20,-0.01,28,55440,
1631,10:33:15,19.81,-0.15,0.01,28,55468,
1632,10:33:12,19.8,-0.20,0.0,5,9900,
1633,10:33:09,19.8,-0.20,0.0,40,79200,
1634,10:33:00,19.8,-0.20,0.01,19,37620,
1635,10:32:57,19.79,-0.25,-0.01,40,79160,
1636,10:32:54,19.8,-0.20,0.0,1,1980,
1637,10:32:45,19.8,-0.20,0.0,2,3960,
1638,10:32:45,19.8,-0.20,-0.01,2,3960,
1639,10:32:42,19.81,-0.15,0.0,10,19810,
1640,10:32:36,19.81,-0.15,0.01,10,19810,
1641,10:32:33,19.8,-0.20,0.0,3,5940,
1642,10:32:30,19.8,-0.20,0.0,2,3960,
1643,10:32:24,19.8,-0.20,0.01,15,29700,
1644,10:32:21,19.79,-0.25,0.0,4,7916,
1645,10:32:12,19.79,-0.25,-0.02,4,7916,
1646,10:32:06,19.81,-0.15,0.0,6,11886,
1647,10:32:03,19.81,-0.15,0.0,4,7924,
1648,10:32:00,19.81,-0.15,-0.01,42,83202,
1649,10:31:51,19.82,-0.10,0.0,2,3964,
1650,10:31:42,19.82,-0.10,0.04,15,29730,
1651,10:31:33,19.78,-0.30,-0.04,4,7912,
1652,10:31:12,19.82,-0.10,0.05,63,124866,
1653,10:31:06,19.77,-0.35,0.0,1,1977,
1654,10:31:03,19.77,-0.35,0.0,10,19770,
1655,10:31:00,19.77,-0.35,-0.05,538,1064931,
1656,10:30:54,19.82,-0.10,0.0,2,3964,
1657,10:30:51,19.82,-0.10,0.0,1,1982,
1658,10:30:45,19.82,-0.10,0.0,10,19820,
1659,10:30:30,19.82,-0.10,0.0,1,1982,
1660,10:30:27,19.82,-0.10,0.01,72,142704,
1661,10:30:24,19.81,-0.15,-0.01,1,1981,
1662,10:30:09,19.82,-0.10,-0.01,62,122884,
1663,10:30:06,19.83,-0.05,0.01,1,1983,
1664,10:30:00,19.82,-0.10,-0.01,5,9910,
1665,10:29:57,19.83,-0.05,0.0,32,63456,
1666,10:29:54,19.83,-0.05,0.0,2,3966,
1667,10:29:45,19.83,-0.05,0.0,10,19830,
1668,10:29:42,19.83,-0.05,0.01,7,13881,
1669,10:29:33,19.82,-0.10,-0.01,1,1982,
1670,10:29:30,19.83,-0.05,0.0,1,1983,
1671,10:29:21,19.83,-0.05,0.01,6,11898,
1672,10:29:18,19.82,-0.10,0.0,145,287390,
1673,10:29:15,19.82,-0.10,0.0,1,1982,
1674,10:28:57,19.82,-0.10,0.0,19,37658,
1675,10:28:54,19.82,-0.10,0.0,20,39640,
1676,10:28:51,19.82,-0.10,0.0,2,3964,
1677,10:28:42,19.82,-0.10,0.0,2,3964,
1678,10:28:18,19.82,-0.10,0.01,12,23784,
1679,10:28:03,19.81,-0.15,0.0,9,17829,
1680,10:28:00,19.81,-0.15,0.01,290,574490,
1681,10:27:48,19.8,-0.20,0.0,13,25740,
1682,10:27:36,19.8,-0.20,0.0,5,9900,
1683,10:27:33,19.8,-0.20,0.0,42,83160,
1684,10:27:24,19.8,-0.20,-0.01,2,3960,
1685,10:27:18,19.81,-0.15,0.01,6,11886,
1686,10:27:09,19.8,-0.20,-0.01,30,59400,
1687,10:27:00,19.81,-0.15,0.0,2,3962,
1688,10:26:54,19.81,-0.15,0.01,28,55468,
1689,10:26:48,19.8,-0.20,0.0,41,81180,
1690,10:26:45,19.8,-0.20,-0.01,5,9900,
1691,10:26:36,19.81,-0.15,-0.01,21,41601,
1692,10:26:36,19.81,-0.15,0.01,21,41601,
1693,10:26:33,19.8,-0.20,0.0,5,9900,
1694,10:26:30,19.8,-0.20,0.0,3,5940,
1695,10:26:27,19.8,-0.20,0.0,3,5940,
1696,10:26:24,19.8,-0.20,-0.01,15,29700,
1697,10:26:18,19.81,-0.15,0.01,17,33677,
1698,10:26:12,19.8,-0.20,0.01,12,23760,
1699,10:26:06,19.79,-0.25,-0.02,10,19790,
1700,10:26:00,19.81,-0.15,0.01,60,118860,
1701,10:25:57,19.8,-0.20,0.0,30,59400,
1702,10:25:54,19.8,-0.20,0.0,42,83160,
1703,10:25:36,19.8,-0.20,0.01,100,198000,
1704,10:25:33,19.79,-0.25,-0.01,10,19790,
1705,10:25:27,19.8,-0.20,0.02,6,11880,
1706,10:25:24,19.78,-0.30,0.0,1,1978,
1707,10:25:21,19.78,-0.30,0.0,17,33626,
1708,10:25:15,19.78,-0.30,0.0,14,27692,
1709,10:25:12,19.78,-0.30,0.0,8,15824,
1710,10:25:03,19.78,-0.30,0.0,3,5934,
1711,10:24:51,19.78,-0.30,0.0,11,21758,
1712,10:24:39,19.78,-0.30,0.0,10,19780,
1713,10:24:24,19.78,-0.30,-0.01,74,146372,
1714,10:24:12,19.79,-0.25,0.0,60,118740,
1715,10:24:03,19.79,-0.25,0.0,39,77181,
1716,10:24:00,19.79,-0.25,-0.01,5,9895,
1717,10:23:45,19.8,-0.20,0.0,8,15840,
1718,10:23:39,19.8,-0.20,0.0,10,19800,
1719,10:23:24,19.8,-0.20,0.0,1,1980,
1720,10:23:15,19.8,-0.20,0.0,6,11880,
1721,10:23:00,19.8,-0.20,0.01,5,9900,
1722,10:22:54,19.79,-0.25,0.0,65,128635,
1723,10:22:51,19.79,-0.25,-0.01,5,9895,
1724,10:22:48,19.8,-0.20,0.0,1,1980,
1725,10:22:42,19.8,-0.20,0.01,25,49500,
1726,10:22:36,19.79,-0.25,0.0,7,13853,
1727,10:22:33,19.79,-0.25,-0.01,2,3958,
1728,10:22:24,19.8,-0.20,-0.01,20,39600,
1729,10:22:21,19.81,-0.15,0.02,211,417991,
1730,10:22:15,19.79,-0.25,0.01,7,13853,
1731,10:21:54,19.78,-0.30,-0.03,200,395600,
1732,10:21:51,19.81,-0.15,0.0,17,33677,
1733,10:21:48,19.81,-0.15,-0.01,1,1981,
1734,10:21:45,19.82,-0.10,0.01,1,1982,
1735,10:21:30,19.81,-0.15,0.0,32,63392,
1736,10:21:27,19.81,-0.15,0.01,3,5943,
1737,10:21:15,19.8,-0.20,0.0,1,1980,
1738,10:21:12,19.8,-0.20,0.01,223,441540,
1739,10:21:06,19.79,-0.25,0.01,127,251333,
1740,10:21:03,19.78,-0.30,0.0,27,54395,
1741,10:21:00,19.78,-0.30,0.0,4,7912,
1742,10:20:51,19.78,-0.30,0.01,73,144394,
1743,10:20:48,19.77,-0.35,-0.01,10,19770,
1744,10:20:45,19.78,-0.30,0.01,1,1978,
1745,10:20:42,19.77,-0.35,-0.01,103,203631,
1746,10:20:36,19.78,-0.30,0.0,32,63296,
1747,10:20:33,19.78,-0.30,-0.01,56,110768,
1748,10:20:30,19.79,-0.25,0.0,19,37601,
1749,10:20:21,19.79,-0.25,0.0,32,63328,
1750,10:20:21,19.79,-0.25,0.0,32,63328,
1751,10:20:09,19.79,-0.25,0.02,22,43538,
1752,10:20:06,19.77,-0.35,0.0,6,11862,
1753,10:20:03,19.77,-0.35,-0.03,500,988500,
1754,10:20:00,19.8,-0.20,0.02,50,99000,
1755,10:19:57,19.78,-0.30,0.01,12,23736,
1756,10:19:54,19.77,-0.35,-0.02,272,539405,
1757,10:19:42,19.79,-0.25,0.01,56,110824,
1758,10:19:33,19.78,-0.30,0.0,7,13846,
1759,10:19:30,19.78,-0.30,-0.01,14,27692,
1760,10:19:27,19.79,-0.25,0.0,28,55412,
1761,10:19:24,19.79,-0.25,0.01,27,53433,
1762,10:19:21,19.78,-0.30,0.0,11,21758,
1763,10:19:12,19.78,-0.30,0.0,26,51428,
1764,10:19:06,19.78,-0.30,-0.01,52,102856,
1765,10:18:57,19.79,-0.25,0.0,5,9895,
1766,10:18:54,19.79,-0.25,0.01,11,21769,
1767,10:18:51,19.78,-0.30,-0.01,20,39560,
1768,10:18:48,19.79,-0.25,0.0,16,31664,
1769,10:18:42,19.79,-0.25,0.0,12,23748,
1770,10:18:39,19.79,-0.25,0.0,1,1979,
1771,10:18:30,19.79,-0.25,-0.01,6,11874,
1772,10:18:15,19.8,-0.20,0.0,120,237600,
1773,10:18:03,19.8,-0.20,0.0,3,5940,
1774,10:17:57,19.8,-0.20,0.0,8,15840,
1775,10:17:54,19.8,-0.20,0.0,8,15840,
1776,10:17:51,19.8,-0.20,0.0,12,23760,
1777,10:17:39,19.8,-0.20,-0.01,5,9900,
1778,10:17:36,19.81,-0.15,0.0,25,50516,
1779,10:17:33,19.81,-0.15,0.0,4,7924,
1780,10:17:21,19.81,-0.15,0.0,1,1981,
1781,10:17:12,19.81,-0.15,0.0,1,1981,
1782,10:17:09,19.81,-0.15,0.01,13,26744,
1783,10:17:06,19.8,-0.20,-0.01,56,110880,
1784,10:16:48,19.81,-0.15,0.0,5,9905,
1785,10:16:45,19.81,-0.15,-0.03,147,292198,
1786,10:16:39,19.84,0.00,0.0,10,19840,
1787,10:16:30,19.84,0.00,0.0,5,9920,
1788,10:16:27,19.84,0.00,0.01,36,71424,
1789,10:16:21,19.83,-0.05,-0.01,67,132861,
1790,10:16:18,19.84,0.00,0.0,8,15872,
1791,10:16:12,19.84,0.00,0.0,26,51584,
1792,10:16:09,19.84,0.00,0.01,51,101184,
1793,10:16:06,19.83,-0.05,-0.01,14,27762,
1794,10:16:03,19.84,0.00,0.0,37,73408,
1795,10:15:57,19.84,0.00,0.0,67,132928,
1796,10:15:48,19.84,0.00,-0.01,52,103168,
1797,10:15:42,19.85,+0.05,0.01,8,15880,
1798,10:15:39,19.84,0.00,0.0,12,23808,
1799,10:15:33,19.84,0.00,-0.01,2,3968,
1800,10:15:30,19.85,+0.05,0.01,7,13895,
1801,10:15:27,19.84,0.00,0.01,208,412672,
1802,10:15:21,19.83,-0.05,-0.01,50,99150,
1803,10:15:15,19.84,0.00,0.01,50,99200,
1804,10:15:12,19.83,-0.05,0.0,30,59490,
1805,10:15:06,19.83,-0.05,-0.01,1,1983,
1806,10:14:57,19.84,0.00,0.01,3,5952,
1807,10:14:45,19.83,-0.05,0.0,3,5949,
1808,10:14:32,19.83,-0.05,0.0,9,17847,
1809,10:14:26,19.83,-0.05,0.0,106,210198,
1810,10:14:20,19.83,-0.05,0.0,3,5949,
1811,10:14:17,19.83,-0.05,0.0,2,3966,
1812,10:14:17,19.83,-0.05,-0.01,2,3966,
1813,10:14:14,19.84,0.00,0.01,48,95232,
1814,10:14:05,19.83,-0.05,0.0,13,25779,
1815,10:13:59,19.83,-0.05,0.0,8,15864,
1816,10:13:50,19.83,-0.05,0.01,38,75354,
1817,10:13:44,19.82,-0.10,0.0,18,35676,
1818,10:13:41,19.82,-0.10,0.0,5,9910,
1819,10:13:38,19.82,-0.10,0.01,1,1982,
1820,10:13:32,19.81,-0.15,0.0,8,16839,
1821,10:13:17,19.81,-0.15,-0.01,21,42592,
1822,10:13:14,19.82,-0.10,0.01,92,182344,
1823,10:13:08,19.81,-0.15,0.0,33,65373,
1824,10:13:05,19.81,-0.15,0.0,4,7924,
1825,10:12:50,19.81,-0.15,0.0,1,1981,
1826,10:12:47,19.81,-0.15,0.0,2,3962,
1827,10:12:44,19.81,-0.15,0.01,29,58440,
1828,10:12:41,19.8,-0.20,-0.01,46,91080,
1829,10:12:38,19.81,-0.15,0.0,111,219891,
1830,10:12:35,19.81,-0.15,0.0,4,7924,
1831,10:12:32,19.81,-0.15,0.01,7,13867,
1832,10:12:26,19.8,-0.20,-0.01,78,154440,
1833,10:12:11,19.81,-0.15,0.0,43,86174,
1834,10:12:08,19.81,-0.15,0.0,4,7924,
1835,10:12:05,19.81,-0.15,0.0,86,170366,
1836,10:12:02,19.81,-0.15,0.0,50,99050,
1837,10:11:59,19.81,-0.15,0.0,42,84193,
1838,10:11:56,19.81,-0.15,0.0,1,1981,
1839,10:11:53,19.81,-0.15,0.0,5,9905,
1840,10:11:50,19.81,-0.15,0.0,3,5943,
1841,10:11:47,19.81,-0.15,0.0,29,57449,
1842,10:11:41,19.81,-0.15,0.0,8,15848,
1843,10:11:32,19.81,-0.15,-0.01,35,69335,
1844,10:11:23,19.82,-0.10,0.0,34,67388,
1845,10:11:17,19.82,-0.10,0.0,34,67388,
1846,10:11:14,19.82,-0.10,0.0,3,5946,
1847,10:11:11,19.82,-0.10,0.0,30,59460,
1848,10:11:08,19.82,-0.10,0.0,30,59460,
1849,10:11:05,19.82,-0.10,-0.01,30,59460,
1850,10:10:59,19.83,-0.05,0.0,1,1983,
1851,10:10:56,19.83,-0.05,0.01,1,1983,
1852,10:10:53,19.82,-0.10,0.0,8,15856,
1853,10:10:44,19.82,-0.10,0.0,11,21802,
1854,10:10:41,19.82,-0.10,-0.01,11,21802,
1855,10:10:38,19.83,-0.05,0.01,33,65439,
1856,10:10:35,19.82,-0.10,-0.01,13,25766,
1857,10:10:26,19.83,-0.05,0.0,4,7932,
1858,10:10:23,19.83,-0.05,0.0,1,1983,
1859,10:10:20,19.83,-0.05,0.0,4,7932,
1860,10:10:17,19.83,-0.05,0.0,9,17847,
1861,10:10:11,19.83,-0.05,0.0,68,134844,
1862,10:10:08,19.83,-0.05,0.0,15,29745,
1863,10:10:05,19.83,-0.05,0.0,5,9915,
1864,10:09:53,19.83,-0.05,0.0,10,19830,
1865,10:09:50,19.83,-0.05,0.0,7,13881,
1866,10:09:44,19.83,-0.05,0.0,9,17847,
1867,10:09:38,19.83,-0.05,-0.01,1,1983,
1868,10:09:32,19.84,0.00,0.0,11,21824,
1869,10:09:29,19.84,0.00,0.01,10,19840,
1870,10:09:26,19.83,-0.05,-0.01,1,1983,
1871,10:09:23,19.84,0.00,0.0,15,29760,
1872,10:09:20,19.84,0.00,0.0,59,117056,
1873,10:09:17,19.84,0.00,0.01,29,57536,
1874,10:09:11,19.83,-0.05,-0.01,8,15864,
1875,10:09:08,19.84,0.00,0.0,6,11904,
1876,10:09:02,19.84,0.00,0.0,48,95232,
1877,10:08:59,19.84,0.00,-0.01,1,1984,
1878,10:08:56,19.85,+0.05,0.01,6,11910,
1879,10:08:50,19.84,0.00,0.0,117,232128,
1880,10:08:38,19.84,0.00,-0.01,5,9920,
1881,10:08:32,19.85,+0.05,0.0,1,1985,
1882,10:08:29,19.85,+0.05,0.0,7,13895,
1883,10:08:20,19.85,+0.05,0.01,75,148875,
1884,10:08:11,19.84,0.00,0.0,186,369024,
1885,10:08:05,19.84,0.00,0.0,47,93248,
1886,10:08:05,19.84,0.00,0.0,47,93248,
1887,10:07:56,19.84,0.00,0.0,1,1984,
1888,10:07:53,19.84,0.00,0.0,2,3968,
1889,10:07:50,19.84,0.00,0.0,3,5952,
1890,10:07:47,19.84,0.00,0.0,71,140864,
1891,10:07:44,19.84,0.00,-0.01,126,249984,
1892,10:07:41,19.85,+0.05,0.0,19,37715,
1893,10:07:38,19.85,+0.05,0.01,1,1985,
1894,10:07:23,19.84,0.00,0.0,13,25792,
1895,10:07:17,19.84,0.00,0.0,5,9920,
1896,10:07:14,19.84,0.00,0.0,10,19840,
1897,10:07:11,19.84,0.00,0.0,4,7936,
1898,10:07:05,19.84,0.00,0.0,5,9920,
1899,10:07:02,19.84,0.00,0.0,3,5952,
1900,10:06:59,19.84,0.00,0.01,1,1984,
1901,10:06:56,19.83,-0.05,-0.01,27,53541,
1902,10:06:53,19.84,0.00,0.01,5,9920,
1903,10:06:44,19.83,-0.05,0.0,20,39660,
1904,10:06:38,19.83,-0.05,-0.01,10,19830,
1905,10:06:35,19.84,0.00,0.01,1,1984,
1906,10:06:32,19.83,-0.05,0.0,6,11898,
1907,10:06:29,19.83,-0.05,-0.01,1,1983,
1908,10:06:26,19.84,0.00,0.01,5,9920,
1909,10:06:23,19.83,-0.05,0.0,20,39660,
1910,10:06:08,19.83,-0.05,0.0,10,19830,
1911,10:06:05,19.83,-0.05,-0.01,7,13881,
1912,10:06:02,19.84,0.00,0.01,5,9920,
1913,10:05:56,19.83,-0.05,0.01,13,25779,
1914,10:05:50,19.82,-0.10,0.0,23,45586,
1915,10:05:41,19.82,-0.10,-0.01,3,5946,
1916,10:05:35,19.83,-0.05,-0.01,31,61473,
1917,10:05:29,19.84,0.00,0.01,20,39680,
1918,10:05:26,19.83,-0.05,-0.01,7,13881,
1919,10:05:23,19.84,0.00,0.01,4,7936,
1920,10:05:20,19.83,-0.05,0.01,6,11898,
1921,10:05:11,19.82,-0.10,-0.01,105,208110,
1922,10:05:08,19.83,-0.05,0.0,1,1983,
1923,10:05:02,19.83,-0.05,0.0,55,109065,
1924,10:04:59,19.83,-0.05,0.0,2,3966,
1925,10:04:50,19.83,-0.05,0.02,6,11898,
1926,10:04:47,19.81,-0.15,-0.03,35,69335,
1927,10:04:41,19.84,0.00,0.0,4,7936,
1928,10:04:38,19.84,0.00,0.0,203,402752,
1929,10:04:32,19.84,0.00,0.0,10,19840,
1930,10:04:23,19.84,0.00,0.0,47,94716,
1931,10:04:20,19.84,0.00,0.0,3,5952,
1932,10:04:17,19.84,0.00,-0.02,7,13888,
1933,10:04:11,19.86,+0.10,0.0,5,9930,
1934,10:04:08,19.86,+0.10,0.01,2,3972,
1935,10:04:05,19.85,+0.05,-0.02,1,1985,
1936,10:04:02,19.87,+0.15,0.0,2,3974,
1937,10:03:59,19.87,+0.15,0.0,33,65571,
1938,10:03:56,19.87,+0.15,0.0,1,1987,
1939,10:03:53,19.87,+0.15,0.0,23,45701,
1940,10:03:50,19.87,+0.15,-0.01,16,31792,
1941,10:03:47,19.88,+0.20,0.0,7,13916,
1942,10:03:44,19.88,+0.20,0.0,4,7952,
1943,10:03:41,19.88,+0.20,0.0,68,135661,
1944,10:03:38,19.88,+0.20,-0.01,58,115304,
1945,10:03:32,19.89,+0.25,0.01,60,119340,
1946,10:03:29,19.88,+0.20,0.0,27,53676,
1947,10:03:23,19.88,+0.20,0.0,5,9940,
1948,10:03:20,19.88,+0.20,-0.01,7,13916,
1949,10:03:17,19.89,+0.25,0.0,10,19890,
1950,10:03:14,19.89,+0.25,0.0,2,3978,
1951,10:03:11,19.89,+0.25,0.0,17,33813,
1952,10:03:08,19.89,+0.25,-0.01,1,1989,
1953,10:03:05,19.9,+0.30,0.01,30,59700,
1954,10:03:02,19.89,+0.25,-0.01,6,11934,
1955,10:02:59,19.9,+0.30,0.02,5,9950,
1956,10:02:56,19.88,+0.20,-0.02,100,198800,
1957,10:02:53,19.9,+0.30,0.0,5,9950,
1958,10:02:50,19.9,+0.30,0.0,2,3980,
1959,10:02:47,19.9,+0.30,-0.01,45,89550,
1960,10:02:44,19.91,+0.35,0.01,21,41811,
1961,10:02:41,19.9,+0.30,-0.01,17,33830,
1962,10:02:35,19.91,+0.35,0.0,1,1991,
1963,10:02:32,19.91,+0.35,0.0,7,13937,
1964,10:02:26,19.91,+0.35,-0.01,43,85613,
1965,10:02:23,19.92,+0.40,0.01,12,23904,
1966,10:02:17,19.91,+0.35,0.0,76,151316,
1967,10:02:14,19.91,+0.35,0.0,5,9955,
1968,10:02:11,19.91,+0.35,-0.01,25,49775,
1969,10:02:08,19.92,+0.40,0.01,4,7968,
1970,10:02:05,19.91,+0.35,0.0,4,7964,
1971,10:02:02,19.91,+0.35,0.0,10,19910,
1972,10:01:59,19.91,+0.35,0.0,7,13937,
1973,10:01:59,19.91,+0.35,0.0,7,13937,
1974,10:01:59,19.91,+0.35,-0.01,7,13937,
1975,10:01:53,19.92,+0.40,0.02,20,39840,
1976,10:01:50,19.9,+0.30,-0.01,21,41790,
1977,10:01:47,19.91,+0.35,0.0,6,11946,
1978,10:01:41,19.91,+0.35,-0.01,39,77649,
1979,10:01:32,19.92,+0.40,0.01,28,55776,
1980,10:01:29,19.91,+0.35,0.0,3,5973,
1981,10:01:26,19.91,+0.35,0.0,11,22897,
1982,10:01:20,19.91,+0.35,0.0,20,39820,
1983,10:01:14,19.91,+0.35,0.0,11,21901,
1984,10:01:05,19.91,+0.35,0.0,33,65703,
1985,10:01:02,19.91,+0.35,0.02,424,845180,
1986,10:00:59,19.89,+0.25,0.0,10,21402,
1987,10:00:56,19.89,+0.25,0.0,1,1989,
1988,10:00:53,19.89,+0.25,-0.01,14,28323,
1989,10:00:50,19.9,+0.30,0.01,77,153230,
1990,10:00:47,19.89,+0.25,0.0,161,321741,
1991,10:00:44,19.89,+0.25,0.0,3,5967,
1992,10:00:41,19.89,+0.25,0.0,40,79560,
1993,10:00:38,19.89,+0.25,-0.01,9,17901,
1994,10:00:35,19.9,+0.30,0.01,4,7960,
1995,10:00:29,19.89,+0.25,0.0,6,11934,
1996,10:00:26,19.89,+0.25,0.0,20,39780,
1997,10:00:23,19.89,+0.25,0.0,6,11934,
1998,10:00:17,19.89,+0.25,0.0,50,99450,
1999,10:00:14,19.89,+0.25,-0.01,4,7956,
2000,10:00:11,19.9,+0.30,0.0,5,9950,
2001,09:59:59,19.9,+0.30,0.01,34,67660,
2002,09:59:56,19.89,+0.25,0.0,57,113373,
2003,09:59:50,19.89,+0.25,-0.01,62,123318,
2004,09:59:47,19.9,+0.30,-0.01,10,19900,
2005,09:59:41,19.91,+0.35,0.0,38,75658,
2006,09:59:38,19.91,+0.35,0.01,74,148330,
2007,09:59:35,19.9,+0.30,0.0,290,577100,
2008,09:59:32,19.9,+0.30,0.0,100,199000,
2009,09:59:29,19.9,+0.30,0.0,9,17910,
2010,09:59:26,19.9,+0.30,0.0,25,49750,
2011,09:59:23,19.9,+0.30,0.0,11,21890,
2012,09:59:20,19.9,+0.30,-0.01,2,3980,
2013,09:59:17,19.91,+0.35,0.0,11,21901,
2014,09:59:14,19.91,+0.35,0.0,1,1991,
2015,09:59:11,19.91,+0.35,0.0,11,21901,
2016,09:59:08,19.91,+0.35,0.0,30,59730,
2017,09:59:05,19.91,+0.35,0.0,167,332497,
2018,09:59:02,19.91,+0.35,-0.01,20,39820,
2019,09:58:56,19.92,+0.40,0.01,15,29880,
2020,09:58:50,19.91,+0.35,0.0,43,85613,
2021,09:58:47,19.91,+0.35,0.0,18,35838,
2022,09:58:44,19.91,+0.35,0.0,2,3982,
2023,09:58:41,19.91,+0.35,-0.01,26,51766,
2024,09:58:38,19.92,+0.40,0.0,1,1992,
2025,09:58:35,19.92,+0.40,0.02,15,29880,
2026,09:58:32,19.9,+0.30,-0.01,83,165170,
2027,09:58:29,19.91,+0.35,-0.01,22,43802,
2028,09:58:23,19.92,+0.40,0.01,4,7968,
2029,09:58:20,19.91,+0.35,-0.02,51,101541,
2030,09:58:14,19.93,+0.45,0.0,105,209265,
2031,09:58:11,19.93,+0.45,0.02,141,281013,
2032,09:58:08,19.91,+0.35,-0.01,25,49775,
2033,09:58:02,19.92,+0.40,0.01,11,21912,
2034,09:57:59,19.91,+0.35,-0.01,14,27874,
2035,09:57:53,19.92,+0.40,0.04,18,36852,
2036,09:57:44,19.88,+0.20,-0.02,300,596400,
2037,09:57:41,19.9,+0.30,-0.02,2,3980,
2038,09:57:38,19.92,+0.40,0.02,40,79680,
2039,09:57:35,19.9,+0.30,0.01,56,111440,
2040,09:57:32,19.89,+0.25,-0.01,43,85527,
2041,09:57:26,19.9,+0.30,0.0,4,7960,
2042,09:57:23,19.9,+0.30,0.01,12,23880,
2043,09:57:20,19.89,+0.25,-0.01,5,9945,
2044,09:57:17,19.9,+0.30,0.01,55,109450,
2045,09:57:11,19.89,+0.25,0.0,1,1989,
2046,09:57:08,19.89,+0.25,0.01,82,163098,
2047,09:57:05,19.88,+0.20,-0.01,2,3976,
2048,09:57:02,19.89,+0.25,0.01,15,29835,
2049,09:56:59,19.88,+0.20,0.0,96,190848,
2050,09:56:53,19.88,+0.20,0.0,27,53676,
2051,09:56:50,19.88,+0.20,0.01,9,17892,
2052,09:56:47,19.87,+0.15,-0.01,17,33779,
2053,09:56:41,19.88,+0.20,0.0,18,35784,
2054,09:56:38,19.88,+0.20,0.0,5,9940,
2055,09:56:35,19.88,+0.20,0.01,19,37772,
2056,09:56:29,19.87,+0.15,0.01,25,50192,
2057,09:56:26,19.86,+0.10,0.0,52,103272,
2058,09:56:23,19.86,+0.10,0.0,15,31260,
2059,09:56:14,19.86,+0.10,0.0,44,87900,
2060,09:56:05,19.86,+0.10,0.01,65,129090,
2061,09:56:02,19.85,+0.05,0.0,6,11910,
2062,09:55:59,19.85,+0.05,0.0,1,1985,
2063,09:55:56,19.85,+0.05,-0.01,59,117115,
2064,09:55:50,19.86,+0.10,0.0,15,29790,
2065,09:55:41,19.86,+0.10,0.0,3,5958,
2066,09:55:41,19.86,+0.10,0.06,3,5958,
2067,09:55:38,19.8,-0.20,0.0,4,7920,
2068,09:55:32,19.8,-0.20,-0.02,20,39600,
2069,09:55:29,19.82,-0.10,-0.03,5,9910,
2070,09:55:26,19.85,+0.05,0.05,304,603440,
2071,09:55:19,19.8,-0.20,-0.01,7,13860,
2072,09:55:10,19.81,-0.15,0.0,1,1981,
2073,09:55:07,19.81,-0.15,0.0,9,17829,
2074,09:54:55,19.81,-0.15,0.01,5,9905,
2075,09:54:49,19.8,-0.20,-0.01,11,21780,
2076,09:54:46,19.81,-0.15,0.0,3,5943,
2077,09:54:43,19.81,-0.15,0.01,40,79240,
2078,09:54:40,19.8,-0.20,-0.01,250,495000,
2079,09:54:34,19.81,-0.15,0.0,8,15848,
2080,09:54:31,19.81,-0.15,0.01,88,174328,
2081,09:54:22,19.8,-0.20,0.0,30,59400,
2082,09:54:19,19.8,-0.20,-0.01,13,25740,
2083,09:54:16,19.81,-0.15,0.0,5,9905,
2084,09:54:13,19.81,-0.15,0.01,2,3962,
2085,09:54:10,19.8,-0.20,0.0,4,7920,
2086,09:54:04,19.8,-0.20,0.0,55,108900,
2087,09:53:58,19.8,-0.20,-0.01,40,79200,
2088,09:53:55,19.81,-0.15,0.0,5,9905,
2089,09:53:46,19.81,-0.15,0.0,68,134708,
2090,09:53:40,19.81,-0.15,-0.01,12,23772,
2091,09:53:37,19.82,-0.10,0.0,1,1982,
2092,09:53:28,19.82,-0.10,0.0,27,53514,
2093,09:53:25,19.82,-0.10,0.01,2,3964,
2094,09:53:16,19.81,-0.15,0.0,42,83202,
2095,09:53:13,19.81,-0.15,0.0,50,99050,
2096,09:53:07,19.81,-0.15,0.0,3,5943,
2097,09:53:01,19.81,-0.15,0.0,1,1981,
2098,09:52:58,19.81,-0.15,-0.01,8,15848,
2099,09:52:55,19.82,-0.10,0.01,5,9910,
2100,09:52:52,19.81,-0.15,-0.01,20,39620,
2101,09:52:43,19.82,-0.10,0.0,2,3964,
2102,09:52:40,19.82,-0.10,0.0,9,17838,
2103,09:52:37,19.82,-0.10,-0.01,35,69370,
2104,09:52:34,19.83,-0.05,0.01,3,5949,
2105,09:52:31,19.82,-0.10,0.0,13,25766,
2106,09:52:25,19.82,-0.10,0.0,1,1982,
2107,09:52:22,19.82,-0.10,0.01,10,19820,
2108,09:52:19,19.81,-0.15,-0.01,10,19810,
2109,09:52:16,19.82,-0.10,0.0,10,19820,
2110,09:52:04,19.82,-0.10,0.0,10,19820,
2111,09:51:55,19.82,-0.10,0.0,18,35676,
2112,09:51:52,19.82,-0.10,-0.01,1,1982,
2113,09:51:49,19.83,-0.05,0.01,9,17847,
2114,09:51:46,19.82,-0.10,-0.01,3,5946,
2115,09:51:43,19.83,-0.05,0.01,14,27762,
2116,09:51:37,19.82,-0.10,0.0,1,1982,
2117,09:51:31,19.82,-0.10,0.0,7,13874,
2118,09:51:28,19.82,-0.10,0.0,6,11892,
2119,09:51:22,19.82,-0.10,0.0,45,89190,
2120,09:51:16,19.82,-0.10,-0.01,5,9910,
2121,09:51:13,19.83,-0.05,0.0,10,19830,
2122,09:51:10,19.83,-0.05,0.01,77,152691,
2123,09:51:01,19.82,-0.10,0.0,25,49550,
2124,09:50:58,19.82,-0.10,0.0,24,47568,
2125,09:50:55,19.82,-0.10,-0.01,2,3964,
2126,09:50:46,19.83,-0.05,0.01,3,5949,
2127,09:50:43,19.82,-0.10,0.0,6,11892,
2128,09:50:40,19.82,-0.10,0.0,25,49550,
2129,09:50:37,19.82,-0.10,-0.01,1,1982,
2130,09:50:34,19.83,-0.05,0.01,1,1983,
2131,09:50:25,19.82,-0.10,0.0,3,5946,
2132,09:50:22,19.82,-0.10,0.0,1,1982,
2133,09:50:19,19.82,-0.10,0.0,12,23784,
2134,09:50:16,19.82,-0.10,0.0,16,31712,
2135,09:50:07,19.82,-0.10,0.0,49,97118,
2136,09:50:04,19.82,-0.10,0.01,5,9910,
2137,09:50:01,19.81,-0.15,-0.01,179,354599,
2138,09:49:58,19.82,-0.10,0.0,23,45586,
2139,09:49:52,19.82,-0.10,0.0,50,99100,
2140,09:49:43,19.82,-0.10,0.0,3,5946,
2141,09:49:37,19.82,-0.10,0.0,26,51532,
2142,09:49:37,19.82,-0.10,0.0,26,51532,
2143,09:49:34,19.82,-0.10,0.0,3,5946,
2144,09:49:31,19.82,-0.10,0.0,130,257660,
2145,09:49:28,19.82,-0.10,0.0,8,15856,
2146,09:49:25,19.82,-0.10,0.0,5,9910,
2147,09:49:22,19.82,-0.10,0.0,5,9910,
2148,09:49:19,19.82,-0.10,0.0,29,57478,
2149,09:49:13,19.82,-0.10,0.01,1,1982,
2150,09:49:04,19.81,-0.15,-0.01,19,37639,
2151,09:48:55,19.82,-0.10,0.0,1,1982,
2152,09:48:46,19.82,-0.10,0.0,16,31712,
2153,09:48:43,19.82,-0.10,0.0,2,3964,
2154,09:48:37,19.82,-0.10,0.0,1,1982,
2155,09:48:34,19.82,-0.10,0.0,1,1982,
2156,09:48:28,19.82,-0.10,0.0,10,19820,
2157,09:48:25,19.82,-0.10,0.0,26,51532,
2158,09:48:19,19.82,-0.10,-0.01,24,47568,
2159,09:48:16,19.83,-0.05,0.0,148,293484,
2160,09:48:13,19.83,-0.05,0.0,27,53541,
2161,09:48:04,19.83,-0.05,0.0,3,5949,
2162,09:48:01,19.83,-0.05,0.0,1,1983,
2163,09:47:55,19.83,-0.05,0.0,4,7932,
2164,09:47:49,19.83,-0.05,0.0,10,19830,
2165,09:47:46,19.83,-0.05,0.0,10,19830,
2166,09:47:37,19.83,-0.05,0.02,6,11898,
2167,09:47:31,19.81,-0.15,-0.03,2,3962,
2168,09:47:25,19.84,0.00,0.03,2,3968,
2169,09:47:22,19.81,-0.15,-0.04,5,9905,
2170,09:47:19,19.85,+0.05,0.05,30,59550,
2171,09:47:16,19.8,-0.20,-0.04,89,176220,
2172,09:47:10,19.84,0.00,0.0,5,9920,
2173,09:47:04,19.84,0.00,0.0,6,11904,
2174,09:47:01,19.84,0.00,0.0,14,28252,
2175,09:46:58,19.84,0.00,0.0,6,11904,
2176,09:46:52,19.84,0.00,0.0,13,25792,
2177,09:46:49,19.84,0.00,0.03,66,132452,
2178,09:46:46,19.81,-0.15,-0.01,17,33677,
2179,09:46:40,19.82,-0.10,0.0,47,93630,
2180,09:46:37,19.82,-0.10,-0.01,2,3964,
2181,09:46:34,19.83,-0.05,0.01,30,60997,
2182,09:46:28,19.82,-0.10,0.0,4,8404,
2183,09:46:22,19.82,-0.10,0.01,60,118920,
2184,09:46:19,19.81,-0.15,0.0,13,27259,
2185,09:46:16,19.81,-0.15,-0.01,36,71316,
2186,09:46:01,19.82,-0.10,0.01,2,3964,
2187,09:45:58,19.81,-0.15,0.0,2,3962,
2188,09:45:55,19.81,-0.15,-0.01,6,11886,
2189,09:45:52,19.82,-0.10,0.0,3,5946,
2190,09:45:49,19.82,-0.10,0.0,136,269552,
2191,09:45:46,19.82,-0.10,0.0,102,202164,
2192,09:45:37,19.82,-0.10,0.02,20,39640,
2193,09:45:28,19.8,-0.20,-0.03,8,15840,
2194,09:45:22,19.83,-0.05,0.0,20,39660,
2195,09:45:19,19.83,-0.05,0.02,3,5949,
2196,09:45:16,19.81,-0.15,0.02,9,17829,
2197,09:45:13,19.79,-0.25,-0.04,198,391842,
2198,09:45:07,19.83,-0.05,0.03,4,7932,
2199,09:45:04,19.8,-0.20,-0.04,2,3960,
2200,09:44:52,19.84,0.00,0.04,72,143364,
2201,09:44:49,19.8,-0.20,0.0,1,1980,
2202,09:44:37,19.8,-0.20,-0.03,75,149965,
2203,09:44:34,19.83,-0.05,0.01,7,13881,
2204,09:44:31,19.82,-0.10,0.0,72,142704,
2205,09:44:28,19.82,-0.10,0.0,100,198200,
2206,09:44:22,19.82,-0.10,0.02,40,79280,
2207,09:44:16,19.8,-0.20,0.01,237,469775,
2208,09:44:10,19.79,-0.25,-0.01,9,17811,
2209,09:44:04,19.8,-0.20,-0.02,240,476665,
2210,09:44:01,19.82,-0.10,0.0,10,19820,
2211,09:43:58,19.82,-0.10,0.01,2,3964,
2212,09:43:49,19.81,-0.15,0.0,56,110936,
2213,09:43:46,19.81,-0.15,0.0,2,3962,
2214,09:43:43,19.81,-0.15,0.01,8,15848,
2215,09:43:40,19.8,-0.20,-0.01,100,198000,
2216,09:43:37,19.81,-0.15,0.0,11,21791,
2217,09:43:34,19.81,-0.15,0.01,74,146594,
2218,09:43:28,19.8,-0.20,0.0,5,9900,
2219,09:43:28,19.8,-0.20,0.0,5,9900,
2220,09:43:25,19.8,-0.20,0.0,10,19800,
2221,09:43:22,19.8,-0.20,0.0,5,9900,
2222,09:43:19,19.8,-0.20,0.01,83,164855,
2223,09:43:16,19.79,-0.25,-0.01,13,25727,
2224,09:43:13,19.8,-0.20,0.0,17,33660,
2225,09:43:04,19.8,-0.20,0.0,45,90565,
2226,09:42:58,19.8,-0.20,-0.01,26,51480,
2227,09:42:55,19.81,-0.15,0.01,10,19810,
2228,09:42:52,19.8,-0.20,0.0,10,19800,
2229,09:42:49,19.8,-0.20,0.0,33,65340,
2230,09:42:46,19.8,-0.20,0.0,3,5940,
2231,09:42:43,19.8,-0.20,0.0,89,177725,
2232,09:42:40,19.8,-0.20,0.0,17,33660,
2233,09:42:37,19.8,-0.20,-0.01,2,3960,
2234,09:42:31,19.81,-0.15,0.01,40,79240,
2235,09:42:25,19.8,-0.20,-0.01,120,237600,
2236,09:42:22,19.81,-0.15,-0.01,20,39620,
2237,09:42:19,19.82,-0.10,0.0,58,114956,
2238,09:42:16,19.82,-0.10,-0.01,43,85226,
2239,09:42:13,19.83,-0.05,0.0,12,23796,
2240,09:42:01,19.83,-0.05,0.0,391,775353,
2241,09:41:55,19.83,-0.05,0.0,21,41643,
2242,09:41:49,19.83,-0.05,0.02,30,59490,
2243,09:41:46,19.81,-0.15,-0.02,2,3962,
2244,09:41:43,19.83,-0.05,0.02,20,39660,
2245,09:41:40,19.81,-0.15,0.0,4,7924,
2246,09:41:37,19.81,-0.15,-0.01,28,55468,
2247,09:41:34,19.82,-0.10,0.0,10,19820,
2248,09:41:31,19.82,-0.10,0.01,1,1982,
2249,09:41:28,19.81,-0.15,0.0,44,87164,
2250,09:41:22,19.81,-0.15,0.01,14,27734,
2251,09:41:19,19.8,-0.20,-0.01,11,21780,
2252,09:41:16,19.81,-0.15,0.01,76,150556,
2253,09:41:13,19.8,-0.20,-0.01,13,25740,
2254,09:41:10,19.81,-0.15,0.01,1,1981,
2255,09:41:07,19.8,-0.20,0.0,11,21780,
2256,09:41:04,19.8,-0.20,-0.01,7,13860,
2257,09:41:01,19.81,-0.15,0.01,28,55468,
2258,09:40:52,19.8,-0.20,-0.01,26,51480,
2259,09:40:46,19.81,-0.15,-0.01,12,23772,
2260,09:40:43,19.82,-0.10,0.02,11,21802,
2261,09:40:40,19.8,-0.20,-0.01,10,19800,
2262,09:40:37,19.81,-0.15,0.0,6,11886,
2263,09:40:34,19.81,-0.15,0.0,60,118860,
2264,09:40:31,19.81,-0.15,0.0,40,80231,
2265,09:40:25,19.81,-0.15,0.01,59,116879,
2266,09:40:22,19.8,-0.20,-0.01,153,302940,
2267,09:40:19,19.81,-0.15,0.01,9,17829,
2268,09:40:16,19.8,-0.20,0.0,3,5940,
2269,09:40:13,19.8,-0.20,0.0,1,1980,
2270,09:40:07,19.8,-0.20,0.0,6,11880,
2271,09:40:04,19.8,-0.20,0.0,3,5940,
2272,09:39:58,19.8,-0.20,0.0,3,5940,
2273,09:39:55,19.8,-0.20,0.01,13,25740,
2274,09:39:52,19.79,-0.25,-0.01,13,25727,
2275,09:39:46,19.8,-0.20,0.0,85,168300,
2276,09:39:43,19.8,-0.20,0.0,12,23760,
2277,09:39:40,19.8,-0.20,0.0,2,3960,
2278,09:39:37,19.8,-0.20,0.01,279,552420,
2279,09:39:31,19.79,-0.25,0.01,7,13853,
2280,09:39:28,19.78,-0.30,-0.01,8,15824,
2281,09:39:25,19.79,-0.25,-0.01,37,73223,
2282,09:39:22,19.8,-0.20,0.0,116,229680,
2283,09:39:16,19.8,-0.20,0.01,12,23760,
2284,09:39:13,19.79,-0.25,0.01,12,23748,
2285,09:39:10,19.78,-0.30,-0.02,17,33626,
2286,09:39:07,19.8,-0.20,0.0,105,207900,
2287,09:39:01,19.8,-0.20,-0.01,36,71280,
2288,09:38:58,19.81,-0.15,0.01,2,3962,
2289,09:38:55,19.8,-0.20,0.02,24,47520,
2290,09:38:52,19.78,-0.30,-0.03,20,39560,
2291,09:38:49,19.81,-0.15,0.0,3,5943,
2292,09:38:40,19.81,-0.15,0.03,558,1105398,
2293,09:38:37,19.78,-0.30,0.01,23,45494,
2294,09:38:31,19.77,-0.35,0.0,73,144321,
2295,09:38:28,19.77,-0.35,0.0,463,915351,
2296,09:38:25,19.77,-0.35,0.0,38,75126,
2297,09:38:22,19.77,-0.35,0.0,23,45471,
2298,09:38:19,19.77,-0.35,0.0,99,195723,
2299,09:38:16,19.77,-0.35,0.0,4,7908,
2300,09:38:13,19.77,-0.35,0.0,6,11862,
2301,09:38:10,19.77,-0.35,0.0,3,5931,
2302,09:38:07,19.77,-0.35,0.0,20,39540,
2303,09:38:04,19.77,-0.35,0.0,90,177930,
2304,09:38:01,19.77,-0.35,0.01,25,49425,
2305,09:37:58,19.76,-0.40,0.0,105,207480,
2306,09:37:55,19.76,-0.40,-0.01,13,25688,
2307,09:37:52,19.77,-0.35,0.01,169,334113,
2308,09:37:49,19.76,-0.40,-0.01,33,65208,
2309,09:37:46,19.77,-0.35,0.0,71,140367,
2310,09:37:43,19.77,-0.35,0.0,55,108735,
2311,09:37:40,19.77,-0.35,0.0,29,57333,
2312,09:37:34,19.77,-0.35,0.01,9,17793,
2313,09:37:28,19.76,-0.40,0.01,8,15808,
2314,09:37:25,19.75,-0.45,-0.01,1,1975,
2315,09:37:22,19.76,-0.40,0.01,146,288496,
2316,09:37:19,19.75,-0.45,0.0,70,138250,
2317,09:37:19,19.75,-0.45,0.0,70,138250,
2318,09:37:19,19.75,-0.45,-0.01,70,138250,
2319,09:37:16,19.76,-0.40,0.01,32,63232,
2320,09:37:13,19.75,-0.45,0.0,32,63200,
2321,09:37:10,19.75,-0.45,-0.01,127,250825,
2322,09:37:04,19.76,-0.40,0.0,24,47424,
2323,09:37:01,19.76,-0.40,0.0,20,39520,
2324,09:36:58,19.76,-0.40,-0.01,6,11856,
2325,09:36:55,19.77,-0.35,-0.01,16,31632,
2326,09:36:46,19.78,-0.30,0.03,20,39560,
2327,09:36:43,19.75,-0.45,0.0,103,203425,
2328,09:36:31,19.75,-0.45,0.0,37,73075,
2329,09:36:25,19.75,-0.45,0.01,21,41475,
2330,09:36:19,19.74,-0.50,0.01,40,78960,
2331,09:36:16,19.73,-0.55,-0.02,41,80893,
2332,09:36:13,19.75,-0.45,0.01,77,152075,
2333,09:36:10,19.74,-0.50,0.01,34,67116,
2334,09:36:07,19.73,-0.55,-0.01,13,25649,
2335,09:36:04,19.74,-0.50,-0.01,113,223062,
2336,09:35:58,19.75,-0.45,0.01,142,280450,
2337,09:35:55,19.74,-0.50,0.01,1,1974,
2338,09:35:49,19.73,-0.55,0.0,142,280166,
2339,09:35:46,19.73,-0.55,0.0,23,45379,
2340,09:35:43,19.73,-0.55,0.0,51,100623,
2341,09:35:40,19.73,-0.55,0.0,1,1973,
2342,09:35:37,19.73,-0.55,-0.01,22,43406,
2343,09:35:34,19.74,-0.50,0.0,10,19740,
2344,09:35:31,19.74,-0.50,0.0,43,85948,
2345,09:35:22,19.74,-0.50,0.0,105,207270,
2346,09:35:16,19.74,-0.50,-0.01,114,225944,
2347,09:35:10,19.75,-0.45,0.02,4,7900,
2348,09:35:03,19.73,-0.55,-0.01,88,173624,
2349,09:35:00,19.74,-0.50,-0.01,38,75012,
2350,09:34:57,19.75,-0.45,0.0,57,112575,
2351,09:34:54,19.75,-0.45,0.0,34,67150,
2352,09:34:48,19.75,-0.45,0.0,3,5925,
2353,09:34:45,19.75,-0.45,0.0,21,41475,
2354,09:34:42,19.75,-0.45,0.0,8,15800,
2355,09:34:36,19.75,-0.45,0.02,5,9875,
2356,09:34:30,19.73,-0.55,0.0,16,31568,
2357,09:34:27,19.73,-0.55,0.0,49,96677,
2358,09:34:24,19.73,-0.55,0.0,80,157840,
2359,09:34:21,19.73,-0.55,-0.01,1,1973,
2360,09:34:18,19.74,-0.50,0.01,5,10936,
2361,09:34:15,19.73,-0.55,0.0,1,1973,
2362,09:34:09,19.73,-0.55,0.0,2,3946,
2363,09:34:03,19.73,-0.55,-0.02,2,3946,
2364,09:33:57,19.75,-0.45,0.02,10,19750,
2365,09:33:54,19.73,-0.55,0.0,430,848390,
2366,09:33:48,19.73,-0.55,0.0,10,19730,
2367,09:33:45,19.73,-0.55,0.0,52,102596,
2368,09:33:42,19.73,-0.55,-0.02,176,348629,
2369,09:33:39,19.75,-0.45,0.0,49,96775,
2370,09:33:36,19.75,-0.45,0.0,17,33575,
2371,09:33:33,19.75,-0.45,0.0,131,258725,
2372,09:33:30,19.75,-0.45,0.02,20,39500,
2373,09:33:24,19.73,-0.55,-0.03,93,183489,
2374,09:33:18,19.76,-0.40,0.01,6,11856,
2375,09:33:12,19.75,-0.45,0.0,87,171825,
2376,09:33:09,19.75,-0.45,0.0,3,5925,
2377,09:33:03,19.75,-0.45,-0.01,31,61225,
2378,09:33:00,19.76,-0.40,0.01,41,81016,
2379,09:32:57,19.75,-0.45,0.02,2,3950,
2380,09:32:51,19.73,-0.55,-0.02,42,82866,
2381,09:32:42,19.75,-0.45,0.0,51,100725,
2382,09:32:39,19.75,-0.45,0.02,55,109218,
2383,09:32:36,19.73,-0.55,-0.01,55,109896,
2384,09:32:33,19.74,-0.50,0.01,7,13818,
2385,09:32:27,19.73,-0.55,-0.01,5,9865,
2386,09:32:24,19.74,-0.50,0.01,15,29610,
2387,09:32:21,19.73,-0.55,0.0,33,65109,
2388,09:32:18,19.73,-0.55,0.0,3,5919,
2389,09:32:15,19.73,-0.55,0.0,20,39460,
2390,09:32:12,19.73,-0.55,0.0,70,138702,
2391,09:32:06,19.73,-0.55,0.0,1,1973,
2392,09:32:03,19.73,-0.55,0.0,10,19730,
2393,09:32:00,19.73,-0.55,-0.02,3,5919,
2394,09:31:54,19.75,-0.45,0.01,202,398950,
2395,09:31:48,19.74,-0.50,0.01,48,94752,
2396,09:31:45,19.73,-0.55,0.01,89,176978,
2397,09:31:42,19.72,-0.60,-0.01,57,112404,
2398,09:31:39,19.73,-0.55,0.0,1,1973,
2399,09:31:36,19.73,-0.55,0.0,22,43406,
2400,09:31:33,19.73,-0.55,0.0,30,59190,
2401,09:31:24,19.73,-0.55,0.0,34,67082,
2402,09:31:21,19.73,-0.55,-0.02,69,136137,
2403,09:31:15,19.75,-0.45,0.0,41,80975,
2404,09:31:09,19.75,-0.45,0.0,30,59250,
2405,09:31:09,19.75,-0.45,0.0,30,59250,
2406,09:31:09,19.75,-0.45,0.0,30,59250,
2407,09:31:06,19.75,-0.45,-0.01,23,45425,
2408,09:31:03,19.76,-0.40,0.0,6,11856,
2409,09:31:00,19.76,-0.40,0.01,2,3952,
2410,09:30:57,19.75,-0.45,-0.01,43,84925,
2411,09:30:45,19.76,-0.40,0.0,9,17784,
2412,09:30:36,19.76,-0.40,-0.02,13,25688,
2413,09:30:33,19.78,-0.30,0.03,3,5934,
2414,09:30:30,19.75,-0.45,0.0,11,21725,
2415,09:30:12,19.75,-0.45,-0.05,1,1975,
2416,09:30:09,19.8,-0.20,0.0,11,21780,
2417,09:30:06,19.8,-0.20,0.02,276,546480,
2418,09:30:03,19.78,-0.30,-0.05,29,57362,
2419,09:25:21,19.83,-0.05,0.0,0,0,
2420,09:25:00,19.83,-0.05,0.0,305,604815,0
